ley,no,fecha,codNota,confianza,titulo_dof,decreto_dip
cpeum,,05-02-1917,4432273,1.0,"CONSTITUCION Política de los Estados Unidos Mexicanos, que Reforma la de 5 de Febrero de 1857","CONSTITUCIÓN Política de los Estados Unidos Mexicanos, que reforma la de 5 de febrero de 1857. Fe de erratas | DOF 06/02/1917 | Imagen |"
cpeum,1,08-07-1921,4426823,1.0,"DECRETO reformando el artículo 14 transitorio y la fracción XXVII del artículo 73 de la Constitución, relativo a planteles de Instrucción Pública","DECRETO reformando el artículo 14 transitorio y la fracción XXVII del artículo 73 de la Constitución, relativo a planteles de Instrucción Pública. Faculta al Congreso para establecer en toda la República escuelas rurales, elementales, secundarias, superiores y profesionales. Señala la jurisdicción de la Federación sobre los planteles que ella establezca. Deja sin efecto la anterior supresión de la Secretaría de Instrucción Pública y Bellas Artes."
cpeum,2,24-11-1923,4551928,1.0,"DECRETO reformando varios artículos de la Constitución Política de la República, en lo relativo a sesiones ordinarias y extraordinarias del H. Congreso de la Unión","DECRETO reformando varios artículos de la Constitución Política de la República, en lo relativo a sesiones ordinarias y extraordinarias del H. Congreso de la Unión. Otorga a la Comisión Permanente la facultad para convocar a sesiones extraordinarias del Congreso."
cpeum,3,22-01-1927,4520409,1.0,DECRETO por el cual se reforman los artículos 82 y 83 de la Constitución Federal,DECRETO por el cual se reforman los artículos 82 y 83 de la Constitución Federal. Establece la reelección del Presidente para un segundo periodo no inmediato.
cpeum,4,24-01-1928,4578870,1.0,DECRETO por el cual se reforma el artículo 83 de la Constitución General,DECRETO por el cual se reforma el artículo 83 de la Constitución General. Amplía el periodo presidencial de 4 a 6 años .
cpeum,5,20-08-1928,4601265,0.973,"LEY que reforma los artículos 73, 74, 76, 79, 89, 94, 96, 97, 98, 99, 100 y 111 de la Construcción Política de la República","LEY que reforma los artículo 73, 74, 76, 79, 89, 94, 96, 97, 98, 99, 100, y 111 de la Constitución Política de la República. Faculta al Congreso y al Ejecutivo Federal para nombrar ministros, magistrados y jueces del Poder Judicial federal y del Distrito Federal."
cpeum,6,20-08-1928,4601276,0.956,LEY que reforma el artículo 52 y el párrafo cuarto de la fracción III del artículo 115 de la Constitución Federal,LEY que reforma el artículo 52 y el párrafo cuarto de la fracción III del art. 115 de la Constitución Federal. Reduce el número de diputados del Congreso de la Unión y de las Legislaturas de los Estados
cpeum,7,20-08-1928,4601283,1.0,"LEY que reforma las bases 1a., 2a. y 3a. de la fracción VI del artículo 73 de la Constitución Federal","LEY que reforma las bases 1a., 2a. y 3a. de la fracción VI del artículo 73 de la Constitución Federal. Faculta al Congreso para legislar en materia del gobierno del Distrito y Territorios Federales."
cpeum,8,06-09-1929,4433649,1.0,LEY por la cual se reforman los artículos 73 y 123 de la Constitución General de la República,LEY por la cual se reforman los artículos 73 y 123 de la Constitución General de la República. Establece la facultad del Congreso para expedir las leyes del trabajo reglamentarias del artículo 123 constitucional.
cpeum,9,07-02-1931,4503819,1.0,DECRETO por el cual se modifican los artículos 43 y 45 de la Constitución Política de los Estados Unidos Mexicanos,DECRETO por el cual se modifican los artículos 43 y 45 de la Constitución Política de los Estados Unidos Mexicanos. Precisa la división de los Territorios Norte y Sur de Baja California.
cpeum,10,19-12-1931,4546751,1.0,"DECRETO que modifica los artículos 43 y 45 de la Constitución General de la República, suprimiendo el Territorio de Quintana Roo","DECRETO que modifica los artículos 43 y 45 de la Constitución General de la República, suprimiendo el Territorio de Quintana Roo. Suprime el Territorio de Quintana Roo para ampliar los estados de Yucatán y Campeche."
cpeum,11,27-04-1933,4456687,1.0,"DECRETO que reforma la fracción X del artículo 73 de la Constitución General de la República, facultando al Congreso para expedir las leyes del trabajo reglamentarias del artículo 123 de la propia Constitución","DECRETO que reforma la fracción X del artículo 73 de la Constitución General de la República, facultando al Congreso para expedir las leyes del trabajo reglamentarias del artículo 123 de la propia Constitución. Somete a la jurisdicción federal todo lo relativo al trabajo de la industria textil."
cpeum,12,29-04-1933,4456860,1.0,DECRETO que reforma varios artículos de la Constitución General de la República. (Elección de Poderes Federales),"DECRETO que reforma varios artículos de la Constitución General de la República (Elección de Poderes Federales). Incorpora el principio de la No Reelección de manera absoluta para el Presidente de la República y los gobernadores de los estados, y con un periodo de receso por lo que se refiere a los diputados y senadores del Congreso federal, diputados de las cámaras locales, presidentes municipales y regidores y síndicos de los ayuntamientos del país. Amplía el periodo de actuación de los miembros del Poder Legislativo federal."
cpeum,13,04-11-1933,4484975,1.0,DECRETO que reforma la fracción IX del artículo 123 constitucional. (Salario mínimo),"DECRETO que reforma la fracción IX del artículo 123 Constitucional. (Salario mínimo). Permite a las juntas centrales de conciliación y arbitraje de los estados, fijar el salario mínimo cuando éste no sea fijado por las comisiones especiales municipales."
cpeum,14,10-01-1934,4496534,1.0,DECRETO que reforma el artículo 27 de la Constitución Política de los Estados Unidos Mexicanos,DECRETO que reforma el artículo 27 de la Constitución Política de los Estados Unidos Mexicanos. Aclaración | DOF 03/03/1934 | Imagen | Reforma agraria. Precisa el derecho de los centros de población a recibir tierras suficientes. Modifica los plazos y trámites administrativos para la restitución y dotación de tierras. Concede facultades extraordinarias al Ejecutivo Federal para expedir la Ley Reglamentaria del artículo 27 constitucional y una nueva Ley de Secretarías de Estado y Departamentos. Fija las bases para una nueva codificación agraria.
cpeum,15,18-01-1934,4497255,0.968,DECRETO que reforma el artículo 42 de la Constitución Política de los Estados Unidos Mexicanos,DECRETO que reforma los artículos 42 de la Constitución Política de los Estados Unidos Mexicanos. Suprime a la Isla de la Pasión de las partes integrantes de la Federación y del Territorio Nacional.
cpeum,16,18-01-1934,4497264,1.0,"DECRETO que reforma los artículos 30, 37, 73, fracción XVI y 133 de la Constitución Política de los Estados Unidos Mexicanos","DECRETO que reforma los artículos 30, 37, 73, fracción XVI y 133 de la Constitución Política de los Estados Unidos Mexicanos. Establece nuevas reglas sobre nacionalidad y naturalización. Faculta al Congreso p ara dictar leyes sobre nacionalidad, condición jurídica de los extranjeros, ciudadanía, naturalización, colonización, emigración e inmigración."
cpeum,17,18-01-1934,4497273,1.0,DECRETO que reforma la fracción X del artículo 73 de la Constitución Política de los Estados Unidos Mexicanos. (Facultades del Congreso),DECRETO que reforma la fracción X del artículo 73 de la Constitución Política de los Estados Unidos Mexicanos. (Facultades del Congreso). Faculta al Congreso para legislar sobre energía eléctrica y para fijar el rendimientos de los impuestos que correspondan.
cpeum,18,18-01-1934,4497279,0.891,DECRETO que reforma la fracción I del artículo 104 de la Constitución Política de los Estados Unidos Mexicanos,"DECRETO por lo cual se reforma la fracción I del artículo 104 de la Constitución Política de los Estados Unidos Mexicanos. Suprime el recurso de reclamación, ante la Suprema Corte de Justicia, por sentencias que los Tribunales de la Federación dicten en segunda instancia."
cpeum,19,22-03-1934,4505656,1.0,DECRETO que adiciona el artículo 45 constitucional,DECRETO que adiciona el artículo 45 constitucional. Determina las islas y cayos que quedan sujetas a la jurisdicción de los estados de Yucatán y Campeche.
cpeum,20,13-12-1934,4558424,1.0,DECRETO que reforma el artículo 3º y la fracción XXV del 73 constitucionales,DECRETO que reforma el artículo 3º y la fracción XXV del 73 constitucionales. Incorpora el carácter socialista de la educación que imparta el Estado. Modifica los principios constitucionales de la función educativa.
cpeum,21,15-12-1934,4558620,1.0,"DECRETO que reforma el último párrafo de la base 4ª de la fracción VI del artículo 73, el artículo 94 y las fracciones II y III del 95 de la Constitución Política de los Estados Unidos Mexicanos","DECRETO que reforma el último párrafo de la base 4ª de la fracción VI del artículo 73, el artículo 94 y las fracciones II y III del 95 de la Constitución Política de los Estados Unidos Mexicanos. Limita a 6 años los cargos de ministros de la Suprema Corte de Justicia, magistrados de Circuito y jueces de Distrito. Fija un máximo de 65 años de edad, así como una antigüedad mínima 5 años como abogado para ser Ministro de la Suprema Corte de Justicia. Crea una nueva Sala de la SCJN."
cpeum,22,15-12-1934,4558625,1.0,DECRETO que reforma el artículo 32 de la Constitución Política de los Estados Unidos Mexicanos,"DECRETO que reforma el artículo 32 de la Constitución Política de los Estados Unidos Mexicanos. Estipula como obligatoria la calidad de ciudadano mexicano por nacimiento para desempeñar el cargo de capitán de puerto y todos los servicios de practicaje, así como las funciones de agente aduanal en la República."
cpeum,23,16-01-1935,4421490,1.0,DECRETO que reforma los artículos 43 y 45 constitucionales,DECRETO que reforma los artículos 43 y 45 constitucionales. Restaura el Territorio de Quintana Roo.
cpeum,24,18-01-1935,4421655,1.0,DECRETO que reforma la fracción X del artículo 73 constitucional,DECRETO que reforma la fracción X del artículo 73 constitucional. Otorga al Congreso la facultada para legislar en toda la República sobre industria cinematográfica.
cpeum,25,06-12-1937,4564707,1.0,DECRETO que reforma la fracción VII del artículo 27 constitucional,DECRETO que reforma la fracción VII del artículo 27 constitucional. Considera de jurisdicción federal todas las cuestiones por límites de terrenos comunales que se hallen pendientes o se susciten entre dos o más núcleos de población. Da al Ejecutivo la facultad para proponer una resolución definitiva a dichas cuestiones.
cpeum,26,12-08-1938,4435618,1.0,DECRETO que reforma el artículo 49 constitucional,"DECRETO que reforma el artículo 49 constitucional. Establece de forma expresa que, salvo el caso de facultades extraordinarias al Ejecutivo Federal previstas en el artículo 29 constitucional, en ningún otro caso se otorgarán al Ejecutivo facultades extraordinarias para legislar."
cpeum,27,31-12-1938,4445604,1.0,DECRETO que reforma la fracción XVIII del artículo 123 Constitucional,DECRETO que reforma la fracción XVIII del artículo 123 Constitucional. Suprime la disposición que excluye del derecho de huelga a los obreros de los establecimientos fabriles militares del gobierno de la República.
cpeum,28,11-09-1940,4545841,1.0,DECRETO que reforma los párrafos IV del artículo 97 y I del artículo 102 de la Constitución Política de los Estados Unidos Mexicanos,"DECRETO que reforma los párrafos IV del artículo 97 y I del artículo 102 de la Constitución Política de los Estados Unidos Mexicanos. Establece que el nombramiento y remoción de los funcionarios y empleados de la Suprema Corte de Justicia de la Nación y del Ministerio Público de la Federación, deberá realizarse conforme a la ley secundaria."
cpeum,29,09-11-1940,4556403,1.0,DECRETO que adiciona el párrafo sexto del artículo 27 constitucional.- (Petróleo),"DECRETO que adiciona el párrafo sexto del artículo 27 constitucional.- (Petróleo). Adiciona de forma expresa que tratándose del petróleo y de los carburos de hidrógeno sólidos, líquidos o gaseosos, no se expedirán concesiones y la Ley Reglamentaria respectiva determinará la forma en que la Nación llevará a cabo las explotaciones de esos productos."
cpeum,30,14-12-1940,4564799,1.0,DECRETO que reforma la fracción X del artículo 73 de la Constitución Política de los Estados Unidos Mexicanos,"DECRETO que reforma la fracción X del artículo 73 de la Constitución Política de los Estados Unidos Mexicanos. Establece la competencia de las autoridades federales en la industria eléctrica, en cuanto a la aplicación de las leyes del trabajo."
cpeum,31,14-12-1940,4564806,1.0,DECRETO que reforma la fracción VI del artículo 73 de la Constitución Política de los Estados Unidos Mexicanos,"DECRETO que reforma la fracción VI del artículo 73 de la Constitución Política de los Estados Unidos Mexicanos. Estipula la división de los Territorios en municipalidades, las cuales estará a cargo de ayuntamientos de elección popular directa."
cpeum,32,24-10-1942,4544048,1.0,DECRETO que modifica los artículos 73 y 117 de la Constitución Política de los Estados Unidos Mexicanos,DECRETO que modifica los artículos 73 y 117 de la Constitución Política de los Estados Unidos Mexicanos. Regula las contribuciones sobre producción y consumo de tabacos labrados.
cpeum,33,17-11-1942,4546605,0.971,DECRETO que reforma el segundo párrafo del artículo 5º constitucional,DECRETO que reforma el segundo párrafo del artículo 5 o constitucional. Determina que los servicios profesionales de índole social serán obligatorios y retribuidos en los términos de la ley secundaria.
cpeum,34,18-11-1942,4546750,0.93,"DECRETO que reforma el artículo 73, en su fracción X, y adiciona el 123 de la Constitución Política de los Estados Unidos Mexicanos","DECRETO que reforma el artículo 73, en su fracción X, y adiciona el artículo 123 de la Constitución Política de los Estados Unidos Mexicanos. Establece de forma expresa los asuntos y materias que son de la competencia exclusiva de las autoridades federales, en cuanto a la aplicación de las leyes del trabajo."
cpeum,35,30-12-1942,4551308,1.0,DECRETO por el cual se reforma el artículo 52 de la Constitución Política de los Estados Unidos Mexicanos,DECRETO por el cual se reforma el artículo 52 de la Constitución Política de los Estados Unidos Mexicanos. Incrementa la proporción de habitantes de la fórmula poblacional que establece la Constitución para la elección de los diputados federales.
cpeum,36,08-01-1943,4553263,1.0,DECRETO que reforma las fracciones V y VI del artículo 82 y el párrafo tercero de la fracción III del 115 de la Constitución Política de los Estados Unidos Mexicanos,DECRETO que reforma las fracciones V y VI del artículo 82 y el párrafo tercero de la fracción III del 115 de la Constitución Política de los Estados Unidos Mexicanos. Reduce de 1 año a 6 meses el plazo fijado para la separación de los cargos públicos que desempeñen los miembros del ejército y los altos funcionarios que aspiren al cargo de Presidente de la República. Amplía de 4 a 6 años la duración del cargo de Gobernador de un estado.
cpeum,37,10-02-1944,4445502,0.994,"DECRETO que modifica los artículos 32, 73, fracción XIV; 76, fracción II, y 89, fracciones IV, V y VI, de la Constitución Política de los Estados Unidos Mexicanos","DECRETO que modifica los artículos 32, 73, fracción XVI; 76, fracción II, y 89, fracciones IV, V y VI, de la Constitución Política de los Estados Unidos Mexicanos. Instaura a la Fuerza Aérea Nacional como una de las instituciones armadas de la Unión, con la misma categoría que el Ejército y la Marina de Guerra."
cpeum,38,21-09-1944,4481587,0.992,"DECRETO que reforma los artículos 73, fracción VI, base 4a; 94 y 111 de la Constitución Política de los Estados Unidos Mexicanos","DECRETO que reforma los artículos 73, fracción VI, base 4 a ; 94 y 111 de la Constitución Política de los Estados Unidos Mexicanos. Fija reglas para la permanencia de los Ministros de la Suprema Corte de Justicia de la Nación, Magistrados de Circuito, Jueces de Distrito, Magistrados del Tribunal Superior de Justicia del Distrito Federal y de los Territorios, y de los jueces del orden común del Distrito Federal y de los Territorios. Establece el procedimiento de destitución de estos funcionarios judiciales, sólo a solicitud del Ejecutivo Federal ante la Cámara de Diputados."
cpeum,39,21-04-1945,4517568,1.0,DECRETO que reforma el párrafo V del artículo 27 Constitucional,"DECRETO que reforma el párrafo V del artículo 27 Constitucional. Permite al Ejecutivo reglamentar la extracción, utilización y aprovechamiento de aguas del subsuelo y otras aguas propiedad de la Nación."
cpeum,40,30-12-1946,4620180,0.917,DECRETO por el cual se reforma la fracción I del artículo 104 de la Constitución Política de los Estados Unidos Mexicanos,"DECRETO que se reforma la fracción I del artículo 104 de la Constitución Política de los Estados Unidos Mexicanos. Estipula que en los juicios en que la Federación esté interesada, las leyes secundarias podrán establecer recursos ante la Suprema Corte de Justicia, contra las sentencias de segunda instancia o contra las de tribunales administrativos a los que la ley federal dote de autonomía para dictar sus fallos."
cpeum,41,30-12-1946,4620191,1.0,DECRETO que reforma el artículo 3º de la Constitución Política de los Estados Unidos Mexicanos,DECRETO que reforma el artículo 3º de la Constitución Política de los Estados Unidos Mexicanos. Reforma integral a los principios constitucionales que rigen la educación impartida por el Estado. Suprime el carácter “socialista” de la educación.
cpeum,42,30-12-1946,4620201,0.988,DECRETO por el cual se reforma la fracción VIII del artículo 72 y adiciona la fracción VIII del artículo 417 de la Constitución Política de los Estados Unidos Mexicanos,"DECRETO por el cual se reforma la fracción VIII del artículo 73 y adiciona la fracción VIII del artículo 117 de la Constitución Política de los Estados Unidos Mexicanos. Precisa que los empréstitos que celebre el Ejecutivo, deberán destinarse a la ejecución de obras que directamente produzcan un incremento en los ingresos públicos, salvo aquellos que se realicen con propósitos de regulación monetaria, las operaciones de conversión y los que se contraten durante alguna emergencia."
cpeum,43,12-02-1947,4629774,1.0,"DECRETO que reforma las fracciones X, XIV y XV del artículo 27 de la Constitución Política de los Estados Unidos Mexicanos","DECRETO que reforma las fracciones X, XIV y XV del artículo 27 de la CONSTITUCIÓN Política de los Estados Unidos Mexicanos. Aumenta el tamaño de la superficie de dotación que se concede a los núcleos de población ejidal. Otorga a los pequeños propietarios agrícolas o ganaderos en explotación, que posean certificados de inafectabilidad, el derecho a promover el juicio de amparo contra la privación o afectación agraria de sus tierras o aguas."
cpeum,44,12-02-1947,4629783,1.0,DECRETO que adiciona el párrafo primero de la fracción primera del artículo 115 de la Constitución Política de los Estados Unidos Mexicanos,"DECRETO que adiciona el párrafo primero de la fracción primera del artículo 115 de la Constitución Política de los Estados Unidos Mexicanos. Incorpora la participación de las mujeres en las elecciones municipales, en igualdad de condición que los varones, con el derecho de votar y ser votadas."
cpeum,45,29-12-1947,4691943,1.0,DECRETO que adiciona la fracción X del artículo 73 de la Constitución General de la República,DECRETO que adiciona la fracción X del artículo 73 de la Constitución General de la República. Establece la facultad del Congreso para legislar en toda la República sobre juegos con apuestas y sorteos.
cpeum,46,02-12-1948,4505430,1.0,DECRETO que declara reformada y adicionada la fracción I del artículo 20 de la Constitución General de la República,DECRETO que declara reformada y adicionada la fracción I del artículo 20 de la Constitución General de la República. Incrementa el monto de la caución requerida para que un acusado en un juicio de orden criminal pueda obtener su libertad bajo fianza.
cpeum,47,02-12-1948,4505440,1.0,DECRETO que declara adicionada la fracción I del artículo 27 de la Constitución de la República,"DECRETO que declara adicionada la fracción I del artículo 27 de la Constitución de la República. Establece que el Estado, a través de la Secretaría de Relaciones y con base en el principio de reciprocidad, podrá conceder autorización a los Estados extranjeros para que adquieran, en el lugar permanente de la residencia de los Poderes Federales, la propiedad privada de bienes inmuebles necesarios para el servicio directo de sus embajadas o legaciones."
cpeum,48,10-02-1949,4522481,1.0,DECRETO que adiciona la fracción XXIX del artículo 73 de la Constitución Política de los Estados Unidos Mexicanos,DECRETO que adiciona la fracción XXIX del artículo 73 de la Constitución Política de los Estados Unidos Mexicanos. Otorga al Congreso la facultad para establecer contribuciones especiales sobre producción y consumo de cerveza.
cpeum,49,19-02-1951,4455756,1.0,"DECRETO que reforma los artículos 73 fracción VI, base cuarta, párrafo último; 94, 97, párrafo primero, 98 y 107 de la Constitución General de la República","DECRETO que reforma los artículos 73, fracción VI, base cuarta, párrafo último; 94, 97, párrafo primero, 98 y 107 de la Constitución General de la República. Fe de erratas | DOF 14/03/1951 | Imagen | Reforma integral del Poder Judicial Federal, relativa a su integración, distribución de competencias, renovación de magistrados y juicio de amparo."
cpeum,50,28-03-1951,4462667,1.0,DECRETO que adiciona el artículo 131 y reforma el artículo 49 de la Constitución Política de los Estados Unidos Mexicanos,"DECRETO que adiciona el artículo 131 y reforma el artículo 49 de la Constitución Política de los Estados Unidos Mexicanos. Establece que el Ejecutivo Federal podrá ser facultado por el Congreso para aumentar, disminuir o suprimir las cuotas de las tarifas de exportación e importación que expida el propio Congreso, y para crear otras; así como para restringir y para prohibir las importaciones, las exportaciones y el tránsito de productos y artículos, cuando el Ejecutivo lo estime urgente, a fin de regular el comercio exterior, la economía del país, la estabilidad de la producción nacional, o con otro propósito en beneficio del país."
cpeum,51,11-06-1951,4475301,1.0,DECRETO que reforma el artículo 52 de la Constitución Política de los Estados Unidos Mexicanos,DECRETO que reforma el artículo 52 de la Constitución Política de los Estados Unidos Mexicanos. Eleva la proporción de habitantes de la fórmula poblacional que establece la Constitución para la elección de los diputados federales.
cpeum,52,16-01-1952,4523756,1.0,DECRETO que reforma los artículos 43 y 45 de la Constitución Política de los Estados Unidos Mexicanos,DECRETO que reforma los artículos 43 y 45 de la Constitución Política de los Estados Unidos Mexicanos. Consagra la erección constitucional del Estado de Baja California.
cpeum,53,17-10-1953,4633970,1.0,DECRETO que reforma los artículos 34 y 115 de la Constitución Política de los Estados Unidos Mexicanos,DECRETO que reforma los artículos 34 y 115 de la Constitución Política de los Estados Unidos Mexicanos. Incluye de manera expresa a “las mujeres” como ciudadanos de la República. Suprime el precepto constitucional que restringe la participación de las mujeres sólo a las elecciones municipales.
cpeum,54,20-01-1960,4621696,1.0,"DECRETO que reforma los párrafos cuarto, quinto, sexto y séptimo, fracción I del artículo 27 y los artículos 42 y 48 de la Constitución Política de los Estados Unidos Mexicanos","DECRETO que reforma los párrafos cuarto, quinto, sexto y séptimo fracción I del artículo 27 y los artículos 42 y 48 de la Constitución Política de los Estados Unidos Mexicanos. Prohíbe de manera expresa las concesiones y contratos tratándose de petróleo y de los carburos de hidrógeno sólido, líquidos o gaseosos y suprime cualquier concesión o contrato que se haya otorgado sobre esta materia. Declara el dominio directo de la Nación de todos los recursos naturales de la plataforma continental y los zócalos submarinos de las islas. Detalla los elementos territoriales que dependen directamente del Gobierno de la Federación."
cpeum,55,05-12-1960,4672635,1.0,DECRETO que reforma y adiciona el artículo 123 de la Constitución General de la República,"DECRETO que reforma y adiciona el artículo 123 de la Constitución General de la República. Consagra en la Constitución las reglas, derechos y garantías sociales sobre el trabajo que deben regir entre los Poderes de la Unión, los Gobiernos del Distrito y de los Territorios Federales y sus trabajadores (trabajadores al servicio del Estado)."
cpeum,56,20-12-1960,4675293,0.896,DECRETO que reforma el artículo 52 de la Constitución General de la República,DECRETO que reforma reforma el artículo 52 de la Constitución General de la República. Aumenta la proporción de habitantes de la fórmula poblacional que fija la Constitución para la elección de los diputados federales.
cpeum,57,29-12-1960,4676824,1.0,DECRETO que declara adicionado el párrafo sexto del Artículo 27 de la Constitución Política de los Estados Unidos Mexicanos,"DECRETO que declara adicionado el párrafo sexto del Artículo 27 de la Constitución Política de los Estados Unidos Mexicanos. Fe de erratas | DOF 07/01/1961 | Imagen | Determina que corresponde exclusivamente a la Nación, conducir, transformar, distribuir y abastecer energía eléctrica que tenga por objeto la prestación de servicio público. Señala que en esta materia no se otorgarán concesiones a los particulares."
cpeum,58,27-11-1961,4639104,0.936,DECRETO por el que se reforma el párrafo segundo de la fracción IV del inciso B del artículo 123 de la Constitución Política de los Estados Unidos Mexicanos,"DECRETO que reforma el párrafo segundo de la fracción IV del inciso B del artículo 123 de la Constitución Política de los Estados Unidos Mexicanos. Precisa, para el caso de los trabajadores al servicio del Estado, que en ningún caso los salarios podrán ser inferiores al mínimo para los trabajadores en general en el Distrito Federal y en las Entidades de la República."
cpeum,59,02-11-1962,4692696,0.939,DECRETO por el que se adiciona con un párrafo final la fracción II del artículo 107 Constitucional,"DECRETO por el que se adiciona con un párrafo final la fracción II del artículo 107 de la Constitucional. Establece la obligación de suplir la deficiencia de la queja, en los juicios de amparo que afecten los derechos de los ejidos o núcleos de población comunal. Precisa que en estos mismos juicios no procederán el desistimiento, el sobreseimiento por inactividad, ni la caducidad de la instancia."
cpeum,60,21-11-1962,4694659,1.0,DECRETO que reforma el Artículo 123 de la Constitución Política de los Estados Unidos Mexicanos,DECRETO que reforma el artículo 123 de la Constitución Política de los Estados Unidos Mexicanos. Reforma laboral relativa a: jornada máxima de trabajo nocturno; trabajo de los menores; salarios mínimos; participación en las utilidades de las empresas; arbitraje e indemnización; y ramas del trabajo de competencia exclusiva de las autoridades federales.
cpeum,61,22-06-1963,4727127,1.0,DECRETO de Reformas y Adiciones a los artículos 54 y 63 de la Constitución Política de los Estados Unidos Mexicanos,DECRETO de Reformas y Adiciones a los artículos 54 y 63 de la Constitución Política de los Estados Unidos Mexicanos. Crea la figura de Diputados de Partido y fija las reglas de representación proporcional para la asignación de los mismos.
cpeum,62,23-02-1965,4603805,1.0,DECRETO que reforma y adiciona el artículo 18 Constitucional,"DECRETO que reforma y adiciona el artículo 18 Constitucional. Modifica las reglas del sistema penitenciario nacional. Permite a los estados celebrar convenios con la Federación, para que los reos sentenciados por delitos del orden común extingan su condena en establecimientos del Ejecutivo Federal. Precisa que las mujeres compurgarán sus penas en lugares separados de los destinados a los hombres y que se establecerán instituciones especiales para el tratamiento de menores infractores."
cpeum,63,13-01-1966,4651100,1.0,DECRETO que declara adicionada la fracción XXV del artículo 73 de la Constitución General de la República,"DECRETO que declara adicionada la fracción XXV del artículo 73 de la Constitución General de la República. Faculta al Congreso para legislar sobre monumentos arqueológicos artísticos e históricos, cuya conservación sea de interés nacional."
cpeum,64,21-10-1966,4700323,1.0,"DECRETO que reforma los artículos 73, 89 y 117 de la Constitución General de la República","DECRETO que reforma los artículos 73, 89 y 117 de la Constitución General de la República. Aclaración | DOF 22/10/1966 | Imagen | Suprime la atribución del Congreso para reglamentar el modo cómo deban expedirse las patentes de corso."
cpeum,65,21-10-1966,4700332,0.892,"DECRETO que reforma y adiciona los artículos 79, 88, 89 y 135 de la Constitución General de la República","DECRETO que reforma los artículos 79, 88, 89 y 135 de la Constitución General de la República. Aclaración | DOF 22/10/1966 | Imagen | Amplía las facultades de la Comisión Permanente durante el receso del Congreso: para turnar a las comisiones de cada una de las cámaras las iniciativas de ley; para ratificar los nombramientos que haga el Presidente de la República de altos funcionarios; para otorgar permiso al Presidente para ausentarse del territorio nacional; y para hacer el cómputo de los votos de las legislaturas y la declaratoria de reformas constitucionales."
cpeum,66,24-10-1967,4773731,1.0,DECRETO que declara adicionado el Artículo 73 de la Constitución General de la República,"DECRETO que declara adicionado el Artículo 73 de la Constitución General de la República. Otorga al Congreso la facultad para legislar sobre las características y uso de la bandera, escudo e himno nacionales."
cpeum,67,25-10-1967,4774022,0.985,"DECRETO que reforma y adiciona los artículos 94, 98, 100, 102, 104 fracción I, 105 y 107 fracciones II párrafo final, III, IV, V, VI, VIII, XIII y XIV, de la Constitución Política de los Estados Unidos Mexicanos","DECRETO que reforma y adiciona los artículos 94, 98, 100, 102, 104 fracción I, 105 y 107 fracción II párrafo final, III, IV, V, VI, VIII, XIII y XVI, de la Constitución Política de los Estados Unidos Mexicanos. Reforma judicial. Redistribuye competencias entre la Suprema Corte de Justicia y los Tribunales Colegiados de Circuito. Incluye a las leyes locales en la esfera de obligatoriedad de la jurisprudencia que establezcan los tribunales del Poder Judicial Federal. Modifica la operación del juicio de amparo."
cpeum,68,22-12-1969,4650410,0.904,DECRETO por el que se reforma el artículo 34 de la Constitución Política de los Estados Unidos Mexicanos. ,DECRETO que reforma el artículo 34 de la Constitución Política de los Estados Unidos Mexicanos. Fija en 18 años cumplidos el requisito de edad para ser considerado ciudadano de la República.
cpeum,69,26-12-1969,4651662,1.0,DECRETO que reforma la fracción II del inciso A) del artículo 30 de la Constitución Política de los Estados Unidos Mexicanos. ,"DECRETO que reforma la fracción II del inciso A) del artículo 30 de la Constitución Política de los Estados Unidos Mexicanos. Concede la calidad de mexicanos por nacimientos, a los que nazcan en el extranjero de “madre mexicana”."
cpeum,70,06-07-1971,4764542,1.0,DECRETO por el que se reforma el artículo 74 y se adiciona el 79 de la Constitución Política de los Estados Unidos Mexicanos. ,DECRETO por el que se reforma el artículo 74 y se adiciona el 79 de la Constitución Política de los Estados Unidos Mexicanos. Otorga a la Cámara de Diputados la facultad de erigirse en Colegio Electoral para calificar las elecciones de los ayuntamientos de los Territorios.
cpeum,71,06-07-1971,4764550,1.0,DECRETO por el que se adiciona la base 4a. de la fracción XVI del artículo 73 de la Constitución Política de los Estados Unidos Mexicanos. ,DECRETO por el que se adiciona la base 4a. de la fracción XVI del artículo 73 de la Constitución Política de los Estados Unidos Mexicanos. Faculta al Consejo de Salubridad General para adoptar medidas encaminadas a prevenir la contaminación ambiental.
cpeum,72,22-10-1971,4780743,1.0,DECRETO por el que se reforma el artículo 10 de la Constitución Política de los Estados Unidos Mexicanos. ,DECRETO por el que se reforma el artículo 10 de la Constitución Política de los Estados Unidos Mexicanos. Establece que el derecho de los habitantes del país a poseer armas se limita al domicilio. Precisa que la portación de las armas quedará sujeta a las disposiciones de una ley federal.
cpeum,73,14-02-1972,4799205,1.0,"REFORMAS y Adiciones a los artículos 52; 54 fracciones I, II y III; 55, fracción II; y 58 de la Constitución Política de los Estados Unidos Mexicanos, que la Comisión Permanente del H. Congreso de la Unión declara que han sido aprobadas. ","REFORMAS y Adiciones a los artículos 52, 54 fracciones I, II y III; 55, fracción II; y 58 de la Constitución Política de los Estados Unidos Mexicanos, que la Comisión Permanente del H. Congreso de la Unión declara que han sido aprobadas. Reforma electoral. Fija una nueva distribución de los distritos electorales para la elección de diputados. Reduce a 21 años la edad para ser diputado, y a 30 años para ser senador. Reduce al 1.5 % de la votación total, el porcentaje inicial para que los partidos minoritarios puedan acreditar 5 diputados de partido. Precisa la forma en que los diputados de partido deben ser acreditados después de cada elección."
cpeum,74,14-02-1972,4799212,0.97,"REFORMA a la fracción XII del Apartado A del Artículo 123 de la Constitución Política de los Estados Unidos Mexicanos, que la Comisión Permanente del H. Congreso de la Unión declara que ha sido aprobada. ","REFORMA a la fracción XII del Apartado A del Artículo 123 Constitución Política de los Estados Unidos Mexicanos, que la Comisión Permanente del H. Congreso de la Unión declara que ha sido aprobada. Establece las bases para la conformación del fondo nacional de la vivienda para los trabajadores. Considera de utilidad pública la expedición de la ley para la creación del organismo que administre los recursos de dicho fondo."
cpeum,75,10-11-1972,4831470,1.0,"DECRETO por el que se reforma el inciso f) de la fracción XI y se adiciona con el párrafo segundo la fracción XIII, del Apartado B) del artículo 123 de la Constitución Política de los Estados Unidos Mexicanos. ","DECRETO por el que se reforma el inciso f) de la fracción XI y se adiciona con el párrafo segundo la fracción XIII, del Apartado B) del artículo 123 de la Constitución Política de los Estados Unidos Mexicanos. Regula el establecimiento del fondo nacional de la vivienda para los trabajadores del Estado, así como para los miembros en activo del ejército, fuerza aérea y armada."
cpeum,76,31-01-1974,4658338,1.0,DECRETO que reforma y adiciona el Artículo 93 de la Constitución Política de los Estados Unidos Mexicanos. ,DECRETO que reforma y adiciona el Artículo 93 de la Constitución Política de los Estados Unidos Mexicanos. Incluye a los Jefes de los Departamentos Administrativos entre los funcionarios que están obligados a informar al Congreso sobre el estado que guarden sus ramos o actividades.
cpeum,77,20-03-1974,4665961,1.0,DECRETO por el que se adiciona el Artículo 107 de la Constitución Política de los Estados Unidos Mexicanos. ,DECRETO por el que se adiciona el Artículo 107 de la Constitución Política de los Estados Unidos Mexicanos. Garantiza que se supla la deficiencia de la queja en los juicios de amparo contra actos que afecten derechos de menores e incapaces.
cpeum,78,08-10-1974,4713548,1.0,DECRETO por el que se reforman el Artículo 43 y demás relativos de la Constitución Política de los Estados Unidos Mexicanos. ,DECRETO por el que se reforman el Artículo 43 y demás relativos de la Constitución Política de los Estados Unidos Mexicanos. Instaura la erección de los Estados de Baja California Sur y de Quintana Roo.
cpeum,79,31-12-1974,4737525,0.994,"DECRETO que Reforma y Adiciona los Artículos 4o., 5o., 3o y 123 de la Constitución Política de los Estados Unidos Mexicanos, en relación con la Igualdad Jurídica de la Mujer. ","DECRETO que Reforma y Adiciona los Artículos 4o., 5o., 30 y 123 de la Constitución Política de los Estados Unidos Mexicanos, en relación con la Igualdad Jurídica de la Mujer. Incorpora el principio de que el varón y la mujer son iguales ante la ley. Establece bases constitucionales para permitir igualdad jurídica de las mujeres en materia de ejercicio de profesiones, derechos laborales y seguridad social."
cpeum,80,06-02-1975,4748638,1.0,DECLARATORIA por la que se adiciona el párrafo sexto y un séptimo párrafo al artículo 27 y se adiciona la fracción X del artículo 73 de la Constitución Política de los Estados Unidos Mexicanos. ,DECLARATORIA por la que se adiciona el párrafo sexto y un séptimo párrafo al artículo 27 y se adiciona la fracción X del artículo 73 de la Constitución Política de los Estados Unidos Mexicanos. Otorga a la Nación el dominio sobre el aprovechamiento de los combustibles nucleares para la generación de energía nuclear y faculta al Congreso para legislar en la materia.
cpeum,81,06-02-1975,4748650,1.0,"DECLARATORIA por la que se adiciona la fracción XXXI del Artículo 123, Apartado A, de la Constitución Política de los Estados Unidos Mexicanos. ","DECLARATORIA por la que se adiciona la fracción XXXI del Artículo 123, Apartado A, de la Constitución Política de los Estados Unidos Mexicanos. Fe de erratas | DOF 17/03/1975 | Imagen | Incorpora a la competencia de las autoridades federales, para la aplicación de las leyes del trabajo, a las industrias automotriz, de productos farmacéuticos y medicamentos, de celulosa y papel, de aceites y grasas vegetales y de enlatado de alimentos."
cpeum,82,17-02-1975,4751164,1.0,DECRETO por el que se reforma la fracción XIV del Artículo 107 de la Constitución Política de los Estados Unidos Mexicanos. ,DECRETO por el que se reforma la fracción XIV del Artículo 107 de la Constitución Política de los Estados Unidos Mexicanos. Permite decretar el sobreseimiento del amparo o la caducidad de la instancia por inactividad del quejoso o del recurrente.
cpeum,83,06-02-1976,4840082,1.0,"DECRETO por el que se adiciona el artículo 27 de la Constitución Política de los Estados Unidos Mexicanos, para establecer una zona económica exclusiva situada fuera del mar territorial. ","DECRETO por el que se adiciona el artículo 27 de la Constitución Política de los Estados Unidos Mexicanos, para establecer una zona económica exclusiva situada fuera del mar territorial. Establece una zona económica exclusiva situada fuera del mar territorial, en la cual la Nación ejerce derechos de soberanía."
cpeum,84,06-02-1976,4840086,1.0,"DECRETO por el que se reforma el párrafo tercero del artículo 27; se adicionan el artículo 73 con la fracción XXIX-C y el artículo 115 con las fracciones IV y V, de la Constitución Política de los Estados Unidos Mexicanos. ","DECRETO por el que se reforma el párrafo tercero del artículo 27; se adicionan el artículo 73 con la fracción XXIX-C y el artículo 115 con las fracciones IV y V, de la Constitución Política de los Estados Unidos Mexicanos . Fija bases para reglamentar en la ley secundaria el desarrollo de centros urbanos y asentamientos humanos."
cpeum,85,04-02-1977,4606167,1.0,DECRETO por el que se adiciona un quinto párrafo al Artículo 18 de la Constitución Política de los Estados Unidos Mexicanos. ,"DECRETO por el que se adiciona un quinto párrafo al Artículo 18 de la Constitución Política de los Estados Unidos Mexicanos. Permite el traslado hacia la República Mexicana de reos mexicanos sentenciados en países extranjeros, así como el traslado hacía sus países de origen de reos extranjeros sentenciados en México, con bases en los tratados internacionales firmados por nuestro país."
cpeum,86,06-12-1977,4664439,1.0,"DECRETO que reforma y adiciona los artículos 6o., 41, 51, 52, 53, 54, 55, 60, 61, 65, 70, 73, 74, 76, 93, 97 y 115 de la Constitución Política de los Estados Unidos Mexicanos. ","DECRETO que reforma y adiciona los artículos 6o., 41, 51, 52, 53, 54, 55, 60, 61, 65, 70, 73, 74, 76, 93, 97 y 115 de la Constitución Política de los Estados Unidos Mexicanos. Reforma político-electoral. Incorpora el derecho a la información. Reconoce a los partidos políticos como entidades de interés público. Establece la composición de la Cámara de Diputados en 400 diputados: 300 de mayoría relativa y 100 de representación proporcional. Crea el recurso de reclamación ante la SCJN por resoluciones del Colegio Electoral de la Cámara de Diputados. Consigna como facultades exclusivas de la Cámara de Diputados aprobar el Presupuesto de Egresos y revisar la Cuenta Pública. Faculta al Congreso para expedir su ley orgánica. Establece las figuras de referéndum e iniciativa popular para la expedición de algunas leyes del Distrito Federal. Agrega la facultad exclusiva del Senado de analizar la política exterior. Crea la figura de comisiones de investigación de entidades paraestatales. Hace extensivo el principio de representación proporcional hacia las legislaturas locales y ayuntamientos."
cpeum,87,09-01-1978,4674376,1.0,"DECRETO por el que se adiciona la fracción XII y se reforma la fracción XIII, ambas del Apartado ""A"" del Artículo 123 de la Constitución Política de los Estados Unidos Mexicanos. ","DECRETO por el que se adiciona la fracción XII y se reforma la fracción XIII, ambas del Apartado ""A"", del Artículo 123 de la Constitución Política de los Estados Unidos Mexicanos. Incorpora la obligación de las empresas de proporcionar a sus trabajadores, capacitación o adiestramiento para el trabajo, con base en los sistemas y procedimientos que determine la ley reglamentaria."
cpeum,88,09-01-1978,4674383,0.993,"DECRETO por el que se reforma a la fracción XXXI, el Apartado ""A"" del Artículo 123 de la Constitución Política de los Estados Unidos Mexicanos. ","DECRETO por el que se reforma a la fracción XXXI, del Apartado ""A"" del Artículo 123 de la Constitución Política de los Estados Unidos Mexicanos. Fe de erratas | DOF 13/01/1978 | Imagen | Actualiza la relación de ramas industriales, empresas y asuntos en los cuales la aplicación de las leyes del trabajo es competencia exclusiva de las autoridades federales."
cpeum,89,19-12-1978,4765105,1.0,DECRETO por el que se adiciona un párrafo inicial al Artículo 123 de la Constitución Política de los Estados Unidos Mexicanos. ,"DECRETO por el que se adiciona un párrafo inicial al Artículo 123 de la Constitución Política de los Estados Unidos Mexicanos. Reconoce a nivel constitucional que toda persona tiene derecho al trabajo digno y socialmente útil. Establece que para este propósito se promoverán la creación de empleos y la organización social para el trabajo, conforme a la ley secundaria."
cpeum,90,06-08-1979,4829259,1.0,DECRETO por el que se modifican las fracciones V y VI del artículo 107 de la Constitución Política de los Estados Unidos Mexicanos. ,"DECRETO por el que se modifican las fracciones V y VI del artículo 107 de la Constitución Política de los Estados Unidos Mexicanos. Determina que Ley Orgánica del Poder Judicial de la Federación y la Ley Reglamentaria de los artículos 103 y 107 constitucionales, señalarán la competencia que corresponda a la Suprema Corte de Justicia y a los Tribunales Colegiados de Circuito en los casos de amparo contra sentencias definitivas o laudos."
cpeum,91,18-03-1980,4850209,1.0,DECRETO por el que se adiciona un tercer párrafo al Artículo 4o. de la Constitución Política de los Estados Unidos Mexicanos. ,DECRETO por el que se adiciona un tercer párrafo al Artículo 4o. de la Constitución Política de los Estados Unidos Mexicanos . Consagra en la Constitución el deber de los padres de preservar el derecho de los menores a la satisfacción de sus necesidades y a la salud física y mental. Establece que la ley secundaria determinará los apoyos a la protección de los menores.
cpeum,92,09-06-1980,4854381,1.0,DECRETO por el que se adiciona con una fracción VIII el artículo 3o. de la Constitución Política de los Estados Unidos Mexicanos y cambia el número de la última fracción del mismo artículo. ,"DECRETO por el que se adiciona con una fracción VIII el artículo 3o. de la Constitución Política de los Estados Unidos Mexicanos y cambia el número de la última fracción del mismo artículo. Eleva a rango constitucional el principio de que las universidades e instituciones de educación superior a las que la ley otorgue autonomía tendrán la facultad de gobernarse a sí mismas. Señala las bases que regulan sus fines, funcionamiento y relaciones laborales."
cpeum,93,29-12-1980,4862834,1.0,"DECRETO por el que se reforma el Artículo 78 de, la Constitución Política de los Estados Unidos Mexicanos. ","DECRETO por el que se reforma el Artículo 78 de la Constitución Política de los Estados Unidos Mexicanos. Señala que al integrar la Comisión Permanente del Congreso, las cámaras deberán nombrar un sustituto para cada diputado y senador titular."
cpeum,94,21-04-1981,4641538,0.943,"DECRETO por el que se reforman los Artículos, Núm. 37, 29, 90 y 92 de la Constitución Política de los Estados Unidos Mexicanos. ","DECRETO por el que se reforman los Artículos 29, 90 y 92 de la Constitución Política de los Estados Unidos Mexicanos . Establece de manera expresa que la Administración Pública Federal será centralizada y paraestatal, con base en la ley orgánica que expida el Congreso. Suprime la referencia al Consejo de Ministros y precisa los términos de Secretario de Estado y Jefe de Departamento Administrativo."
cpeum,95,21-04-1981,4641548,1.0,DECRETO por el que se reforma la Fracción VIII del Artículo 117 de la Constitución Política de los Estados Unidos Mexicanos. ,"DECRETO por el que se reforma la Fracción VIII del Artículo 117 de la Constitución Política de los Estados Unidos Mexicanos . Autoriza a los estados y municipios para contraer obligaciones o empréstitos cuando se destinen a inversiones públicas productivas, conforme a las bases y montos que establezcan las legislaturas locales en la ley y en los respectivos presupuestos."
cpeum,96,22-04-1981,4641844,1.0,DECRETO por el que se reforma el Primer Párrafo del Artículo 60 de la Constitución Política de los Estado Unidos Mexicanos. ,"DECRETO por el que se reforma el Primer Párrafo del Artículo 60 de la Constitución Política de los Estado Unidos Mexicanos. Detalla la distribución que corresponde a los partidos políticos, con relación a los 100 diputados que integran el Colegio Electoral para la calificación de la elección de la propia Cámara de Diputados."
cpeum,97,17-11-1982,4778274,0.994,"Decreto que modifica el artículo 73 en sus fracciones X y XVIII, y adición a los artículos 28 y 123, apartado B, de la Constitución Política de los Estados Unidos Mexicanos. ","DECRETO que modifica el artículo 73 en sus fracciones X y XVIII, y adiciona los artículos 28 y 123, apartado B, de la Constitución Política de los Estados Unidos Mexicanos. Establece que el servicio público de banca y crédito será prestado exclusivamente por el Estado y no será objeto de concesión a particulares."
cpeum,98,17-11-1982,4778280,1.0,Decreto por el que se reforma el párrafo segundo de la fracción IV del artículo 74 de la Constitución Política de los Estados Unidos Mexicanos. ,"DECRETO por el que se reforma el párrafo segundo de la fracción IV del artículo 74 de la Constitución Política de los Estados Unidos Mexicanos . Modifica la fecha en la que el Ejecutivo Federal debe hacer llegar a la Cámara de Diputados las iniciativas de leyes de ingresos y los proyectos de presupuesto de egresos, a fin de que se presenten a más tardar el día 15 de noviembre, o hasta el 15 de diciembre si se trata del año de inicio del encargo de Presidente de la República."
cpeum,99,28-12-1982,4787349,1.0,Decreto de reformas y adiciones al Título Cuarto ,"DECRETO de reformas y adiciones al Título Cuarto que comprende los artículos del 108 al 114; así como los artículos 22, 73 fracción VI base 4a., 74 fracción V, 76 fracción VII, 94, 97, 127 y 134 de la Constitución Política de los Estados Unidos Mexicanos . Establece nuevas reglas en materia de responsabilidades de los servidores públicos. Regula los procedimientos de juicio político y de declaración de procedencia penal. Fija bases para la expedición de las leyes secundarias de responsabilidades de los servidores públicos y de responsabilidades administrativas de los mismos."
cpeum,100,03-02-1983,4794103,0.992,Decreto por el que se adiciona con un párrafo penúltimo el artículo 4º de la Constitución Política de los Estados Unidos Mexicanos. ,"DECRETO por el que se adiciona con un párrafo penúltimo el artículo 4o. de la Constitución Política de los Estados Unidos Mexicanos . Eleva a rango constitucional el derecho de toda persona a la protección de la salud y establece que la ley secundaria definirá las bases para el acceso a los servicios de salud, con la concurrencia de la Federación y las entidades federativas."
cpeum,101,03-02-1983,4794110,0.99,Decreto por el que se reforma el Artículo 2l de la Constitución Política de los Estados Unidos Mexicanos. ,"DECRETO por el que se reforma el Artículo 21 de la Constitución Política de los Estados Unidos Mexicanos . Reduce las sanciones que la autoridad administrativa podrá imponer por las infracciones a los reglamentos gubernativos y de policía. El arresto por no pagar la multa se reduce de 15 días a un máximo de 36 horas; y si el infractor fuese jornalero, obrero o trabajador, la multa se limita a un máximo de un día de jornal o salario, en lugar de una semana. Agrega que si se trata de trabajadores no asalariados, la multa no excederá de un día de su ingreso."
cpeum,102,03-02-1983,4794117,1.0,"Decreto que reforma y adiciona los artículos 16, 25, 26, 27, fracciones XIX y XX; 28, 73, fracciones XXIX-D; XXIX-E; y XXIX-F de la Constitución Política de los Estados Unidos Mexicanos. ","DECRETO que reforma y adiciona los artículos 16, 25, 26, 27, fracciones XIX y XX; 28, 73, fracciones XXIX-D; XXIX-E; y XXIX-F de la Constitución Política de los Estados Unidos Mexicanos . Incorpora las bases constitucionales para la rectoría del Estado en la organización de un sistema de planeación democrática del desarrollo nacional. Define las áreas de interés público reservadas al Estado. Amplía las facultades del Congreso relacionadas con la planeación del desarrollo económico y la inversión."
cpeum,103,03-02-1983,4794121,1.0,Decreto por el que se reforma y adiciona el artículo 115 de la Constitución Política de los Estados Unidos Mexicanos ,"DECRETO por el que se reforma y adiciona el artículo 115 de la Constitución Política de los Estados Unidos Mexicanos . Reforma integral relativa a la organización, funcionamiento y atribuciones de los municipios. Regula a nivel constitucional la posibilidad de suspensión o declaración de inexistencia de los ayuntamientos y sus miembros."
cpeum,104,07-02-1983,4794283,0.99,Decreto por el que se reforma el artículo 4 de la Constitución Política de los Estados Unidos Mexicanos. ,DECRETO por el que se reforma el artículo 4o. de la Constitución Política de los Estados Unidos Mexicanos . Consagra en la Constitución el derecho de toda familia a disfrutar de vivienda digna y decorosa; y precisa que la ley secundaria establecerá los instrumentos y apoyos necesarios para alcanzar este objetivo.
cpeum,105,14-01-1985,4713760,1.0,DECRETO por el que se reforma la fracción I del Artículo 20 de la Constitución Política de los Estados Unidos Mexicanos. ,"DECRETO por el que se reforma la fracción I del Artículo 20 de la Constitución Política de los Estados Unidos Mexicanos . Actualiza los montos y modalidades relacionados con la figura de libertad provisional bajo caución, prevista como garantía constitucional para el acusado en un juicio de orden criminal."
cpeum,106,08-02-1985,4718193,1.0,Decreto por el que se adiciona el Artículo 79 de la Constitución Política de los Estados Unidos Mexicanos. ,DECRETO por el que se adiciona el Artículo 79 de la Constitución Política de los Estados Unidos Mexicanos . Otorga a la Comisión Permanente del Congreso la facultad para conocer y resolver las solicitudes de licencia que les sean presentadas por los legisladores federales.
cpeum,107,07-04-1986,4790111,1.0,"DECRETO por el que se reforman los Artículos 65, 66 y 69 de la Constitución Política de los Estados Unidos Mexicanos. ","DECRETO por el que se reforman los Artículos 65, 66 y 69 de la Constitución Política de los Estados Unidos Mexicanos . Instaura un segundo periodo de sesiones ordinarias del Congreso y modifica las fechas de inicio y término, siendo el primer periodo de sesiones ordinarias del 1 de noviembre al 31 de diciembre, y el segundo periodo del 15 de abril al 15 de julio de cada año. Precisa que el Presidente de la República asistirá a la apertura de sesiones ordinarias del primer periodo y presentará su informe de gobierno."
cpeum,108,07-04-1986,4790117,1.0,"DECRETO por el que se reforman los Artículos 106 y 107, Fracción II de la Constitución Política de los Estados Unidos Mexicanos. ","DECRETO por el que se reforman los Artículos 106 y 107, Fracción II de la Constitución Política de los Estados Unidos Mexicanos . Extiende la facultad de dirimir conflictos competenciales a los demás órganos del Poder Judicial de la Federación, y no sólo a la Suprema Corte de Justicia de la Nación. Modifica el juicio de amparo estableciendo la suplencia obligatoria por deficiencia de la queja. Obliga a los órganos jurisdiccionales en materia de amparo a recabar de oficio todas las pruebas que puedan beneficiar a los ejidatarios y comuneros en sus derechos agrarios."
cpeum,109,15-12-1986,4822294,1.0,"DECRETO por el que se reforman los Artículos 52, 53, Segundo Párrafo 54, Primer Párrafo y Fracciones II, III y IV; 56, 60, 77 Fracción IV y Décimo Octavo Transitorio de la Constitución Política de los Estados Unidos Mexicanos. ","DECRETO por el que se reforman los Artículos 52; 53, Segundo Párrafo; 54, Primer Párrafo y Fracciones II, III y IV; 56; 60; 77, Fracción IV y Décimo Octavo Transitorio de la Constitución Política de los Estados Unidos Mexicanos. Reforma electoral. Incrementa de 100 a 200 el número de diputados electos por el principio de representación proporcional. Establece la renovación de la Cámara de Senadores “por mitad, cada tres años”, en lugar de en su totalidad cada seis años. Elimina el recurso de reclamación ante la Suprema Corte de Justicia de la Nación contra las resoluciones del Colegio Electoral de la Cámara de Diputados."
cpeum,110,23-12-1986,4824106,1.0,"DECRETO por el que se reforma la fracción VI del inciso A) del Artículo 123 de la Constitución General de la República, para quedar como se indica. ","DECRETO por el que se reforma la fracción VI del inciso A) del Artículo 123 de la Constitución General de la República, para quedar como se indica. Otorga a la Comisión Nacional de Salarios Mínimos la función de fijar dichos salarios que deben regir en todo el país."
cpeum,111,17-03-1987,4644964,1.0,"DECRETO por el que se reforman los Artículo 17, 46, 115, y 116 de la Constitución Política de los Estados Unidos Mexicanos, para quedar en los términos que se indican. ","DECRETO por el que se reforman los Artículo 17, 46, 115, y 116 de la Constitución Política de los Estados Unidos Mexicanos, para quedar en los términos que se indican. Incorpora en el texto constitucional las bases para la organización y funcionamiento de los poderes judiciales de las entidades federativas. Establece que la independencia de los magistrados y jueces en el ejercicio de sus funciones deberá estar garantizada por las constituciones y las leyes orgánicas de los estados."
cpeum,112,17-03-1987,4644979,1.0,"DECRETO por el que se reforma el párrafo sexto de la fracción IV del Artículo 74 de la Constitución General de la República, para quedar en los términos que se indican. ","DECRETO por el que se reforma el párrafo sexto de la fracción IV del Artículo 74 de la Constitución General de la República, para quedar en los términos que se indican. Propone que “la Cuenta Pública del año anterior deberá ser presentada a la Cámara de Diputados del H. Congreso de la Unión dentro de los diez primeros días del mes de junio”, en lugar de ser presentada ante la Comisión Permanente."
cpeum,113,10-08-1987,4674288,1.0,"DECRETO por el que ese adicionan la fracción XXIX-H al artículo 73, la fracción I-B al artículo 104 y un párrafo final a la fracción V del artículo 107; se reforma el artículo 94, los párrafos primero y segundo del artículo 97, el artículo 101, el inciso a) de la fracción III, el primer párrafo y el inciso b) de la fracción V y las fracciones VI, VIII y XI del artículo 107; y se derogan los párrafos segundo, tercero y cuarto de la fracción I del artículo 104 y el segundo párrafo de la fracción IX del artículo 107 de la Constitución Política de los Estados Unidos Mexicanos. ","DECRETO por el que ese adicionan la fracción XXIX-H al artículo 73, la fracción I-B al artículo 104 y un párrafo final a la fracción V del artículo 107; se reforma el artículo 94, los párrafos primero y segundo del artículo 97, el artículo 101, el inciso a) de la fracción III, el primer párrafo y el inciso b) de la fracción V y las fracciones VI, VIII y XI del artículo 107; y se derogan los párrafos segundo, tercero y cuarto de la fracción I del artículo 104 y el segundo párrafo de la fracción IX del artículo 107 de la Constitución Política de los Estados Unidos Mexicanos. Reforma judicial. Redistribuye el ámbito de competencias entre la Suprema Corte de Justicia de la Nación y los Tribunales Colegiados de Circuito, a fin de que la Suprema Corte de Justicia conozca solamente de los asuntos relacionados con la vigencia de la Constitución y los Tribunales Colegiados de Circuito, de aquellos que tienen que ver con el respeto a las normas que emanan de la propia Constitución."
cpeum,114,10-08-1987,4674298,1.0,"DECRETO por el que se reforman los artículos 73 fracción VI, 79 fracción V, 89 fracciones II y XVII, 110 primer párrafo, 111 primer párrafo y 127; y se deroga la fracción Vi del artículo 74 de la Constitución Política de los Estados Unidos Mexicanos. ","DECRETO por el que se reforman los artículos 73 fracción VI, 79 fracción V, 89 fracciones II y XVII, 110 primer párrafo, 111 primer párrafo y 127; y se deroga la fracción VI del artículo 74 de la Constitución Política de los Estados Unidos Mexicanos. Instaura la Asamblea del Distrito Federal como órgano de representación ciudadana, integrada por 66 Representantes, 40 de ellos electos por mayoría relativa y 26 por representación proporcional. Establece las bases constitucionales para su elección, conformación y atribuciones."
cpeum,115,10-08-1987,4674311,1.0,DECRETO por el que se reforma el artículo 78; y se adiciona el artículo Décimo Noveno Transitorio a la Constitución Política de los Estados Unidos Mexicanos. ,"DECRETO por el que se reforma el artículo 78; y se adiciona el artículo Décimo Noveno Transitorio a la Constitución Política de los Estados Unidos Mexicanos . Aumenta de 29 a 37 el número de miembros de la Comisión Permanente del Congreso, que quedará compuesta por 19 diputados y 18 senadores."
cpeum,116,10-08-1987,4674321,1.0,DECRETO por el que se reforma el párrafo tercero del artículo 27; y se adiciona una fracción XXIX-G al artículo 73 de la Constitución Política de los Estados Unidos Mexicanos. ,"DECRETO por el que se reforma el párrafo tercero del artículo 27; y se adiciona una fracción XXIX-G al artículo 73 de la Constitución Política de los Estados Unidos Mexicanos . Eleva a rango constitucional el derecho de la Nación para preservar y restaurar el equilibrio ecológico. Faculta al Congreso para expedir leyes en materia de protección al ambiente y de preservación y restauración del equilibrio ecológico, que establezcan la concurrencia de los tres niveles de gobierno."
cpeum,117,11-05-1988,4735026,1.0,DECRETO por el que se reforma la Fracción X del Artículo 89 de la Constitución Política de los Estados Unidos Mexicanos. ,"DECRETO por el que se reforma la Fracción X del Artículo 89 de la Constitución Política de los Estados Unidos Mexicanos. Precisa la facultad del Presidente de la República para dirigir la política exterior y celebrar tratados internacionales, con la aprobación del Senado. Incluye los siguientes principios para la conducción de la política exterior: la autodeterminación de los pueblos; la no intervención; la solución pacífica de controversias; la proscripción de la amenaza o el uso de la fuerza en las relaciones internacionales; la igualdad jurídica de los estados; la cooperación internacional para el desarrollo; y la lucha por la paz y la seguridad internacionales."
cpeum,118,06-04-1990,4651333,1.0,"DECRETO por el que se reforman y adicionan los artículos 5, 35 fracción III, 36 fracción I, 41, 54, 60 y 73 fracción VI, base 3a. y se derogan los artículos transitorios 17, 18 y 19, todos de la Constitución Política de los Estados Unidos Mexicanos. ","DECRETO por el que se reforman y adicionan los artículos 5, 35 fracción III, 36 fracción I, 41, 54, 60 y 73 fracción VI, base 3a. y se derogan los artículos transitorios 17, 18 y 19, todos de la Constitución Política de los Estados Unidos Mexicanos. Reforma electoral. Establece bases para la organización de las elecciones federales como una función estatal que se ejerce por los poderes Legislativo y Ejecutivo de la Unión, con la participación de los partidos políticos nacionales y de los ciudadanos. Precisa que la función electoral se realizará a través de un organismo público dotado de personalidad jurídica y patrimonio propios. Crea el Registro Nacional de Ciudadanos. Señala que la certeza, legalidad, imparcialidad, objetividad y profesionalismo, serán principios rectores de la función estatal electoral. Mantiene el sistema de autocalificación de las cámaras de Diputados y de Senadores."
cpeum,119,27-06-1990,4664155,1.0,"DECRETO que deroga el párrafo quinto del Artículo 28, modifica y adiciona el inciso a) de la fracción XXXI del apartado A del Artículo 123 y reforma la fracción XIII bis del apartado B del Artículo 123 de la Constitución Política de los Estados Unidos Mexicanos. ","DECRETO que deroga el párrafo quinto del Artículo 28, modifica y adiciona el inciso a) de la fracción XXXI del apartado A del Artículo 123 y reforma la fracción XIII bis del apartado B del Artículo 123 de la Constitución Política de los Estados Unidos Mexicanos. Suprime la disposición constitucional que establecía que el servicio público de banca y de crédito sería prestado exclusivamente por el Estado y que prohibía el otorgamiento de concesión a particulares en esta materia. Determina que la aplicación de las leyes del trabajo es de competencia exclusiva de las autoridades federales en lo relativo a los servicios de banca y crédito."
cpeum,120,06-01-1992,4643312,1.0,DECRETO por el que se reforma el artículo 27 de la Constitución Política de los Estados Unidos Mexicanos. ,"DECRETO por el que se reforma el artículo 27 de la Constitución Política de los Estados Unidos Mexicanos. Propiedad ejidal. Cambia el concepto de ""pequeña propiedad agrícola en explotación"", por el de ""pequeña propiedad rural"". Establece bases para facilitar la inversión y nuevas formas de asociación en el campo. Contempla el fraccionamiento de predios que excedan a la pequeña propiedad. Establece tribunales agrarios de plena jurisdicción. Define la pequeña propiedad forestal. Permite la constitución de sociedades mercantiles en el agro. Reconoce la capacidad de los ejidatarios para decidir las formas que deben adoptar y los vínculos que deseen establecer entre ellos para aprovechar su territorio."
cpeum,121,28-01-1992,4646748,1.0,"DECRETO por el que se reforman los artículos 3o., 5o., 24, 27, 130 y se adiciona el Artículo Decimoséptimo Transitorio de la Constitución Política de los Estados Unidos Mexicanos. ","DECRETO por el que se reforman los artículos 3o., 5o., 24, 27, 130 y se adiciona el Artículo Decimoséptimo Transitorio de la Constitución Política de los Estados Unidos Mexicanos. Relaciones Estado/Iglesia. Otorga personalidad jurídica a las iglesias como asociaciones religiosas. Ratifica el principio histórico de separación del Estado y las iglesias. Permite a las asociaciones religiosas adquirir, poseer o administrar, los bienes que sean indispensables para su objeto. Faculta al Congreso para legislar en materia de culto público y de iglesias y agrupaciones religiosas."
cpeum,122,28-01-1992,4646755,1.0,DECRETO por el que se reforma el Artículo 4o. de la Constitución Política de los Estados Unidos Mexicanos. ,"DECRETO por el que se reforma el Artículo 4o. de la Constitución Política de los Estados Unidos Mexicanos. Incorpora en la Constitución el principio de que la Nación mexicana tiene una composición pluricultural sustentada originalmente en sus pueblos indígenas. Establece que la ley secundaria protegerá y promoverá el desarrollo de sus lenguas, culturas, usos, costumbres, recursos y formas específicas de organización social, y garantizará a sus integrantes el efectivo acceso a la jurisdicción del Estado."
cpeum,123,28-01-1992,4646760,1.0,DECRETO por el que se reforma el Artículo 102 de la Constitución Política de los Estados Unidos Mexicanos. ,"DECRETO por el que se reforma el Artículo 102 de la Constitución Política de los Estados Unidos Mexicanos . Eleva a rango constitucional a los organismos de protección de los derechos humanos, facultado al Congreso de la Unión y las legislaturas de los estados para establecer estos organismos, en el ámbito de sus respectivas competencias."
cpeum,124,05-03-1993,4721720,1.0,"DECRETO que declara reformados los artículos 3o. y 31 fracción I, de la Constitución Política de los Estados Unidos Mexicanos. ","DECRETO que declara reformados los artículos 3o. y 31 fracción I, de la Constitución Política de los Estados Unidos Mexicanos. Fe de erratas | DOF 09/03/1993 | Imagen | Word | Reforma educativa. Eleva a rango constitucional la obligatoriedad de la educación secundaria. Otorga al Ejecutivo Federal la facultad para determinar los planes y programas de estudio de la educación primaria, secundaria y normal para toda la República."
cpeum,125,20-08-1993,4775074,1.0,DECRETO por el que se adiciona la fracción III del artículo 82 de la Constitución Política de los Estados Unidos Mexicanos. ,"DECRETO por el que se adiciona la fracción III del artículo 82 de la Constitución Política de los Estados Unidos Mexicanos. Agrega la salvedad de que “la ausencia del país hasta por treinta días, no interrumpe la residencia”, en el caso del requisito para ser Presidente que señala la obligación de haber residido en el país durante todo el año anterior al día de la elección."
cpeum,126,20-08-1993,4775081,1.0,"DECRETO por el que se reforman los artículos 28, 73 y 123 de la Constitución Política de los Estados Unidos Mexicanos. ","DECRETO por el que se reforman los artículos 28, 73 y 123 de la Constitución Política de los Estados Unidos Mexicanos. Fe de erratas | DOF 23/08/1993 | Imagen | Word | Otorga autonomía constitucional al banco central y establece las bases para su conformación y atribuciones. Establece que el titular del banco central será designado por el Ejecutivo Federal con aprobación del Senado o la Comisión Permanente."
cpeum,127,03-09-1993,4780386,1.0,DECRETO por el que se reforman los artículos 65 y 66 de la Constitución Política de los Estados Unidos Mexicanos. ,"DECRETO por el que se reforman los artículos 65 y 66 de la Constitución Política de los Estados Unidos Mexicanos. Fe de erratas | DOF 06/09/1993 | Imagen | Word | Modifica las fechas de inicio y término de los periodos de sesiones ordinarias del Congreso, para quedar el primer periodo del 1 de septiembre al 15 de diciembre, o hasta el 31 de diciembre en el año de inicio del cargo de Presidente de la República; y el segundo periodo del 15 de marzo al 30 de abril."
cpeum,128,03-09-1993,4780392,1.0,"DECRETO por el que se reforman los artículos 41, 54, 56, 60, 63, 74 y 100 de la Constitución Política de los Estados Unidos Mexicanos. ","DECRETO por el que se reforman los artículos 41, 54, 56, 60, 63, 74 y 100 de la Constitución Política de los Estados Unidos Mexicanos. Fe de erratas | DOF 06/09/1993 | Imagen | Word | Reforma electoral. Establece de forma expresa que la ley secundaria regulará el financiamiento de los partidos políticos y sus campañas electorales. Faculta al órgano electoral para declarar la validez de las elecciones de diputados y senadores, suprimiendo el sistema de autocalificación. Consagra al Tribunal Federal Electoral como la máxima autoridad jurisdiccional en materia electoral. Modifica la fórmula de distribución de los 200 diputados de representación proporcional. Aumenta de 64 a 128 el número total de senadores, electos mediante fórmulas de mayoría relativa y de primera minoría, con renovación total del Senado cada 6 años. Mantiene la facultad de la Cámara de Diputados para erigirse en Colegio Electoral y calificar la elección de Presidente de la República."
cpeum,129,03-09-1993,4780397,1.0,"DECRETO por el que se reforman los artículos 16, 19, 20 y 119 y se deroga la fracción XVIII del artículo 107 de la Constitución Política de los Estados Unidos Mexicanos. ","DECRETO por el que se reforman los artículos 16, 19, 20 y 119 y se deroga la fracción XVIII del artículo 107 de la Constitución Política de los Estados Unidos Mexicanos. Fe de erratas | DOF 06/09/1993 | Imagen | Word | Reforma sobre garantías individuales en materia penal. Se legisla en los temas de: orden judicial de aprehensión; casos de delito flagrante; casos urgentes por delito grave; plazo máximo que puede ser retenido el indiciado; garantías que tendrá el inculpado en todo proceso de orden penal; colaboración entre las entidades federativas; y extradiciones a requerimiento de Estado extranjero."
cpeum,130,25-10-1993,4796060,1.0,"DECRETO por el que se reforman los artículos 31, 44, 73, 74, 79, 89, 104, 105, 107, 122, así como la denominación del título quinto, adición de una fracción IX al artículo 76 y un primer párrafo al 119 y se deroga la fracción XVII del artículo 89 de la Constitución Política de los Estados Unidos Mexicanos. ","DECRETO por el que se reforman los artículos 31, 44, 73, 74, 79, 89, 104, 105, 107, 122, así como la denominación del título quinto, adición de una fracción IX al artículo 76 y un primer párrafo al 119 y se deroga la fracción XVII del artículo 89 de la Constitución Política de los Estados Unidos Mexicanos. Reforma en materia de organización política y de gobierno del Distrito Federal que contempla: el Distrito Federal como sede de los Poderes de Unión; los Poderes de la Unión responsables del gobierno del Distrito Federal; las atribuciones del Congreso de la Unión, del Senado y del Presidente de la República en el gobierno del Distrito Federal; la Asamblea de Representantes del Distrito Federal, el Jefe del Distrito Federal y El Tribunal Superior de Justicia del Distrito Federal como los nuevos órganos de gobierno; y el marco jurídico para la coordinación del Distrito Federal con estados y municipios colindantes."
cpeum,131,19-04-1994,4688022,0.988,"DECRETO por el que se reforman los párrafos octavo, noveno, decimoséptimo y decimoctavo del artí­culo 41 de la Constitución Polí­tica de los Estados Unidos Mexicanos.","DECRETO por el que se reforman los párrafos octavo, noveno, decimoséptimo y decimoctavo del artículo 41 de la Constitución Política de los Estados Unidos Mexicanos. Reforma electoral. Precisa el carácter “autónomo” del órgano encargado de organizar las elecciones federales. Incluye la “independencia” entre los principios rectores de la función electoral. Crea la figura de Consejeros Ciudadanos, que serán electos por mayoría calificada de la Cámara de Diputados, a propuesta de los grupos parlamentarios de la propia Cámara."
cpeum,132,01-07-1994,4710030,1.0,DECRETO por el que se reforma la fracción I del Artículo 82 de la Constitución Política de los Estados Unidos Mexicanos.,"DECRETO por el que se reforma la fracción I del Artículo 82 de la Constitución Política de los Estados Unidos Mexicanos. Establece entre los requisitos para Presidente de la República, el ser “hijo de padre o madre mexicanos y haber residido en el país al menos durante veinte años”, en lugar de ser “hijo de padres mexicanos por nacimiento”."
cpeum,133,31-12-1994,4782280,1.0,"DECRETO mediante el cual se declaran reformados los artículos 21, 55, 73, 76, 79, 89, 93, 94, 95, 96, 97, 98, 99, 100, 101, 102, 103, 104, 105, 106, 107, 108, 110, 111, 116, 122 y 123 de la Constitución Política de los Estados Unidos Mexicanos.","DECRETO mediante el cual se declaran reformados los artículos 21, 55, 73, 76, 79, 89, 93, 94, 95, 96, 97, 98, 99, 100, 101, 102, 103, 104, 105, 106, 107, 108, 110, 111, 116, 122 y 123 de la Constitución Política de los Estados Unidos Mexicanos. Fe de erratas | DOF 03/01/1995 | Imagen | Word | Reforma judicial integral. Reduce el número de ministros de la Suprema Corte de Justicia y modifica el mecanismo de nombramiento de aquéllos. Crea el Consejo de la Judicatura Federal. Incorpora las figuras de controversia constitucional y acción de inconstitucionalidad. Posibilita que las resoluciones del Ministerio Público Federal sobre el no ejercicio de la acción penal puedan ser impugnadas. Somete a la ratificación del Senado el nombramiento de Procurador General de la República. Faculta al Congreso para expedir leyes en materia de seguridad pública que establezcan las bases de coordinación entre la Federación, el Distrito Federal, los estados y los municipios."
cpeum,134,02-03-1995,4870131,1.0,DECRETO por el que se declara reformado el cuarto párrafo del artículo 28 de la Constitución Política de los Estados Unidos Mexicanos.,DECRETO por el que se declara reformado el cuarto párrafo del artículo 28 de la Constitución Política de los Estados Unidos Mexicanos. Otorga a la comunicación vía satélite y a los ferrocarriles el carácter de áreas prioritarias para el desarrollo nacional y permite al Estado otorgar concesiones o permisos en estas áreas.
cpeum,135,03-07-1996,4890768,1.0,"DECRETO mediante el cual se declaran reformados los artículos 16, 20 fracción I y penúltimo párrafo, 21, 22 y 73 fracción XXI de la Constitución Política de los Estados Unidos Mexicanos.","DECRETO mediante el cual se declaran reformados los artículos 16, 20 fracción I y penúltimo párrafo, 21, 22 y 73 fracción XXI de la Constitución Política de los Estados Unidos Mexicanos. Incluye la garantía constitucional de que las comunicaciones privadas son inviolables. Establece los supuestos en los que la autoridad judicial federal podrá autorizar la intervención de alguna comunicación privada. Regula la aplicación de la libertad provisional bajo caución en los delitos no graves y la posibilidad de revocación en casos graves. Permite el decomiso y aseguramiento de bienes involucrados con la delincuencia organizada. Faculta a las autoridades federales para conocer de los delitos del fuero común, cuando tengan conexidad con delitos federales."
cpeum,136,22-08-1996,4896725,1.0,DECRETO mediante el cual se declaran reformados diversos artículos de la Constitución Política de los Estados Unidos Mexicanos.,"DECRETO mediante el cual se declaran reformados diversos artículos de la Constitución Política de los Estados Unidos Mexicanos. Reforma integral en materia electoral. Se legisla en los temas de: prerrogativas y obligaciones de los ciudadanos mexicanos; atribuciones e integración del Instituto Federal Electoral; financiamiento de los partidos políticos; composición de las cámaras del Congreso de la Unión; justicia electoral; sistema de responsabilidades; y correspondencia de las legislaciones electorales locales. Se establecen como autoridades del Distrito Federal a la Asamblea Legislativa, el Jefe de Gobierno y el Tribunal Superior de Justicia."
cpeum,137,20-03-1997,4872274,1.0,"DECRETO por el que se declaran reformados los artículos 30, 32 y 37 de la Constitución Política de los Estados Unidos Mexicanos.","DECRETO por el que se declaran reformados los artículos 30, 32 y 37 de la Constitución Política de los Estados Unidos Mexicanos. Incorpora el principio constitucional de que ningún mexicano por nacimiento podrá ser privado de su nacionalidad. Establece bases para regular el ejercicio de derechos de los mexicanos que posean otra nacionalidad (doble nacionalidad)."
cpeum,138,26-02-1999,4944396,1.0,"Decreto por el que se declara reformado el artículo 3o. transitorio, del Decreto por el que se reformaron los artículos 30, 32 y 37 de la Constitución Política de los Estados Unidos Mexicanos, publicado el 20 de marzo de 1997   ","DECRETO por el que se declara reformado el artículo 3o. transitorio, del Decreto por el que se reformaron los artículos 30, 32 y 37 de la Constitución Política de los Estados Unidos Mexicanos, publicado el 20 de marzo de 1997. Ratifica el beneficio constitucional en favor de los mexicanos por nacimiento, derivado de la reforma constitucional que establece la No Pérdida de la nacionalidad mexicana."
cpeum,139,08-03-1999,,0.0,,"DECRETO por el que se declaran reformados los artículos 16, 19, 22 y 123 de la Constitución Política de los Estados Unidos Mexicanos. Reforma en materia de seguridad pública. Reduce los requisitos para obtener una orden de aprehensión. Precisa los elementos específicos que se deben acreditar al librar el auto de formal prisión. Incluye una nueva figura para la aplicación a favor del Estado sobre bienes asegurados que causen abandono. Flexibiliza la remoción de los miembros de las instituciones policiales."
cpeum,140,11-06-1999,4949671,1.0,"Decreto por el que se reforman los artículos 94, 97, 100 y 107 de la Constitución Política de los Estados Unidos Mexicanos   ","DECRETO por el que se reforman los artículos 94, 97, 100 y 107 de la Constitución Política de los Estados Unidos Mexicanos. Precisa la naturaleza jurídica e integración del Consejo de la Judicatura Federal, como órgano del Poder Judicial de la Federación. Amplía la facultad del Pleno de la Suprema Corte de Justicia para remitir los asuntos de su competencia a los Tribunales Colegiados de Circuito."
cpeum,141,28-06-1999,4950695,1.0,Decreto por el que se declara la adición de un párrafo quinto al artículo 4o. Constitucional y se reforma el párrafo primero del artículo 25 de la Constitución Política de los Estados Unidos Mexicanos   ,DECRETO por el que se declara la adición de un párrafo quinto al artículo 4o. Constitucional y se reforma el párrafo primero del artículo 25 de la Constitución Política de los Estados Unidos Mexicanos. Eleva a rango constitucional el derecho de toda persona a un medio ambiente adecuado para su desarrollo y bienestar. Incluye el término “sustentable” entre los principios para la rectoría del desarrollo nacional.
cpeum,142,28-06-1999,4950697,1.0,Decreto por el que se declara reformada la fracción XXIX-H y se adiciona una fracción XXIX-I al artículo 73 de la Constitución Política de los Estados Unidos Mexicanos   ,"DECRETO por el que se declara reformada la fracción XXIX - H y se adiciona una fracción XXIX - I al artículo 73 de la Constitución Política de los Estados Unidos Mexicanos. Otorga al Congreso la facultad para expedir leyes en materia de protección civil, que establezcan las bases de coordinación entre la Federación, los estados, el Distrito Federal y los municipios."
cpeum,143,28-06-1999,4950699,1.0,Decreto por el que se declara la adición de una fracción XXIX-J al artículo 73 de la Constitución Política de los Estados Unidos Mexicanos   ,"DECRETO por el que se declara la adición de una fracción XXIX - J al artículo 73 de la Constitución Política de los Estados Unidos Mexicanos. Faculta al Congreso para legislar en materia de deporte, estableciendo la concurrencia de los tres niveles de gobierno, así como la participación de los sectores social y privado."
cpeum,144,29-07-1999,4951856,1.0,Decreto por el que se declara reformado el artículo 58 de la Constitución Política de los Estados Unidos Mexicanos   ,"DECRETO por el que se declara reformado el artículo 58 de la Constitución Política de los Estados Unidos Mexicanos. Modifica el requisito de edad para ser senador, para quedar en 25 años cumplidos el día de la elección, en lugar de 30 años."
cpeum,145,30-07-1999,4951985,1.0,"Decreto por el que se declaran reformados los artículos 73, 74, 78 y 79 de la Constitución Política de los Estados Unidos Mexicanos   ","DECRETO por el que se declaran reformados los artículos 73, 74, 78 y 79 de la Constitución Política de los Estados Unidos Mexicanos. Crea la Entidad de Fiscalización Superior de la Federación, como órgano de la Cámara de Diputados, con autonomía técnica y de gestión en el ejercicio de sus atribuciones y para decidir sobre su organización interna, funcionamiento y resoluciones, sustituyendo a la Contaduría Mayor de Hacienda."
cpeum,146,13-09-1999,4953799,1.0,Decreto por el que se reforma y adiciona el artículo 102 apartado B de la Constitución Política de los Estados Unidos Mexicanos   ,DECRETO por el que se reforma y adiciona el artículo 102 apartado B de la Constitución Política de los Estados Unidos Mexicanos. Eleva a rango constitucional el carácter autónomo de la Comisión Nacional de los Derechos Humanos. Establece el procedimiento de elección del Consejo Consultivo y del presidente de la CNDH.
cpeum,147,23-12-1999,4958409,1.0,Decreto por el que se declara reformado y adicionado el artículo 115 de la Constitución Política de los Estados Unidos Mexicanos   ,DECRETO por el que se declara reformado y adicionado el artículo 115 de la Constitución Política de los Estados Unidos Mexicanos. Reforma en materia del municipio. Establece los procedimientos que la ley secundaria debe contemplar en materia municipal. Precisa y amplía las funciones y servicios públicos que tendrán a su cargo los municipios. Actualiza los conceptos relativos a la capacidad de gobierno del municipio.
cpeum,148,07-04-2000,2053045,1.0,Decreto por el que se declara reformado y adicionado el artículo 4o. de la Constitución Política de los Estados Unidos Mexicanos   ,"DECRETO por el que se declara reformado y adicionado el artículo 4o. de la Constitución Política de los Estados Unidos Mexicanos. Fe de erratas | DOF 12/04/2000 | Imagen | Word | Establece el derecho de los niños y las niñas a la satisfacción de sus necesidades de alimentación, salud, educación y sano esparcimiento para su desarrollo integral. Señala el deber del Estado y de los particulares, de preservar el ejercicio pleno de estos derechos. | Proceso Legislativo |"
cpeum,149,21-09-2000,2060758,1.0,"Decreto por el que se declaran reformadas, adicionadas y derogadas diversas disposiciones del artículo 20 de la Constitución Política de los Estados Unidos Mexicanos   ","DECRETO por el que se declaran reformadas, adicionadas y derogadas diversas disposiciones del artículo 20 de la Constitución Política de los Estados Unidos Mexicanos. Precisa las garantías de la víctima o el ofendido en todo proceso de orden penal. | Proceso Legislativo |"
cpeum,150,21-09-2000,2060759,1.0,Decreto por el que se declara reformada la fracción XXV del artículo 73 de la Constitución Política de los Estados Unidos Mexicanos   ,DECRETO por el que se declara reformada la fracción XXV del artículo 73 de la Constitución Política de los Estados Unidos Mexicanos. Confiere competencia al Congreso para legislar en materia de vestigios o restos fósiles. | Proceso Legislativo |
cpeum,151,14-08-2001,762221,1.0,"Decreto por el que se aprueba el diverso por el que se adicionan un segundo y tercer párrafos al artículo 1o., se reforma el artículo 2o., se deroga el párrafo primero del artículo 4o.; y se adicionan un sexto párrafo al artículo 18, y un último párrafo a la fracción tercera del artículo 115 de la Constitución Política de los Estados Unidos Mexicanos   ","DECRETO por el que se aprueba el diverso por el que se adicionan un segundo y tercer párrafos al artículo 1o., se reforma el artículo 2o., se deroga el párrafo primero del artículo 4o.; y se adicionan un sexto párrafo al artículo 18, y un último párrafo a la fracción tercera del artículo 115 de la Constitución Política de los Estados Unidos Mexicanos. Reforma integral en materia indígena que establece los principios constitucionales de reconocimiento y protección a la cultura y los derechos de los indígenas, sus comunidades y sus pueblos. | Proceso Legislativo |"
cpeum,152,14-06-2002,727995,1.0,Decreto por el que se aprueba el diverso por el que se modifica la denominación del Título Cuarto y se adiciona un segundo párrafo al artículo 113 de la Constitución Política de los Estados Unidos Mexicanos   ,"DECRETO por el que se aprueba el diverso por el que se modifica la denominación del Título Cuarto y se adiciona un segundo párrafo al artículo 113 de la Constitución Política de los Estados Unidos Mexicanos. Incorpora la figura de responsabilidad patrimonial del Estado, estableciendo el derecho de los particulares a la indemnización correspondiente. | Proceso Legislativo |"
cpeum,153,12-11-2002,718015,1.0,"Decreto por el que se aprueba el diverso por el que se adiciona el artículo 3o., en su párrafo primero, fracciones III, V y VI, y el artículo 31 en su fracción I, de la Constitución Política de los Estados Unidos Mexicanos   ","DECRETO por el que se aprueba el diverso por el que se adiciona el artículo 3o., en su párrafo primero, fracciones III, V y VI, y el artículo 31 en su fracción I, de la Constitución Política de los Estados Unidos Mexicanos. Eleva a rango constitucional la obligatoriedad de la educación preescolar. | Proceso Legislativo |"
cpeum,154,29-09-2003,690948,1.0,Decreto por el que se aprueba el diverso por el que se adiciona una fracción XXIX-K al artículo 73 de la Constitución Política de los Estados Unidos Mexicanos   ,"DECRETO por el que se aprueba el diverso por el que se adiciona una fracción XXIX - K al artículo 73 de la Constitución Política de los Estados Unidos Mexicanos. Faculta al Congreso para expedir leyes en materia de turismo, estableciendo la concurrencia de los tres niveles de gobierno, así como la participación de los sectores social y privado. | Proceso Legislativo |"
cpeum,155,29-10-2003,689637,1.0,Decreto por el que se aprueba el diverso que reforma el párrafo primero del artículo 63 y la fracción IV del artículo 77 de la Constitución Política de los Estados Unidos Mexicanos   ,DECRETO por el que se aprueba el diverso que reforma el párrafo primero del artículo 63 y la fracción IV del artículo 77 de la Constitución Política de los Estados Unidos Mexicanos. Establece los mecanismos de sustitución de vacantes de diputados y senadores electos por los diferentes principios. | Proceso Legislativo |
cpeum,156,05-04-2004,671718,1.0,Decreto por el que se adiciona la fracción XXIX-M al artículo 73 y se reforma la fracción VI del artículo 89 de la Constitución Política de los Estados Unidos Mexicanos   ,"DECRETO por el que se adiciona la fracción XXIX-M al artículo 73 y se reforma la fracción VI del artículo 89 de la Constitución Política de los Estados Unidos Mexicanos. Incorpora la facultad del Congreso para expedir leyes en materia de seguridad nacional, estableciendo los requisitos y límites a las investigaciones correspondientes. | Proceso Legislativo |"
cpeum,157,22-07-2004,667034,1.0,"Decreto por el que se aprueba el diverso que reforma el artículo segundo transitorio a los artículos 30, 32 y 37 de la Constitución Política de los Estados Unidos Mexicanos, publicado el veinte de marzo de 1997   ","DECRETO por el que se aprueba el diverso que reforma el artículo segundo transitorio a los artículos 30, 32 y 37 de la Constitución Política de los Estados Unidos Mexicanos, publicado el veinte de marzo de 1997. Establece como permanente el beneficio constitucional para que quienes hayan perdido su nacionalidad mexicana por nacimiento, por haber adquirido voluntariamente una nacionalidad extranjera, puedan recuperarla, previa solicitud ante la Secretaría de Relaciones Exteriores. | Proceso Legislativo |"
cpeum,158,30-07-2004,666755,1.0,Decreto por el que se aprueba el diverso mediante el cual se reforma la fracción IV del artículo 74 de la Constitución Política de los Estados Unidos Mexicanos   ,DECRETO por el que se aprueba el diverso mediante el cual se reforma la fracción IV del artículo 74 de la Constitución Política de los Estados Unidos Mexicanos. Modifica las fechas para que el Ejecutivo Federal presente a la Cámara de Diputados la Iniciativa de Ley de Ingresos y el Proyecto de Presupuesto de Egresos de la Federación. | Proceso Legislativo |
cpeum,159,02-08-2004,678925,1.0,Decreto por el que se aprueba el Decreto que reforma el primer párrafo del artículo 65 de la Constitución Política de los Estados Unidos Mexicanos   ,"DECRETO por el que se aprueba el Decreto que reforma el primer párrafo del artículo 65 de la Constitución Política de los Estados Unidos Mexicanos. Modifica la fecha de inicio del segundo periodo de sesiones ordinarias del Congreso, para que sea el 1o. de febrero de cada año. | Proceso Legislativo |"
cpeum,160,27-09-2004,661155,1.0,Decreto por el que se aprueba el diverso que adiciona una fracción XXIX-L al artículo 73 de la Constitución Política de los Estados Unidos Mexicanos   ,"DECRETO por el que se aprueba el diverso que adiciona una fracción XXIX-L al artículo 73 de la Constitución Política de los Estados Unidos Mexicanos. Faculta al Congreso para expedir leyes en materia de pesca y acuacultura, estableciendo la concurrencia de los tres niveles de gobierno, así como la participación de los sectores social y privado. | Proceso Legislativo |"
cpeum,161,20-06-2005,2051466,1.0,Decreto por el que se adiciona el artículo 21 de la Constitución Política de los Estados Unidos Mexicanos   ,"DECRETO por el que se adiciona el artículo 21 de la Constitución Política de los Estados Unidos Mexicanos. Determina que el Ejecutivo Federal podrá, con la aprobación del Senado, reconocer la jurisdicción de la Corte Penal Internacional. | Proceso Legislativo |"
cpeum,162,28-11-2005,2099572,1.0,"Decreto por el que se declara adicionado un párrafo tercero a la fracción XXI, del Artículo 73 de la Constitución Política de los Estados Unidos Mexicanos   ","DECRETO por el que se declara adicionado un párrafo tercero a la fracción XXI, del Artículo 73 de la Constitución Política de los Estados Unidos Mexicanos . Establece que en las materias concurrentes previstas en la Constitución, las leyes federales establecerán los supuestos en que las autoridades del fuero común podrán conocer y resolver sobre delitos federales. | Proceso Legislativo |"
cpeum,163,08-12-2005,2101250,1.0,"Decreto por el que se reforma el único párrafo y se adicionan un segundo y tercer párrafos al artículo 46; se deroga la fracción IV del artículo 73; se adicionan las fracciones X y XI, pasando la actual fracción X a ser fracción XII del artículo 76, y se reforma la fracción I del artículo 105, todos de la Constitución Política de los Estados Unidos Mexicanos   ","DECRETO por el que se reforma el único párrafo y se adicionan un segundo y tercer párrafos al artículo 46; se deroga la fracción IV del artículo 73; se adicionan las fracciones X y XI, pasando la actual fracción X a ser fracción XII del artículo 76, y se reforma la fracción I del artículo 105, todos de la Constitución Política de los Estados Unidos Mexicanos. Otorga al Senado la facultad para autorizar los convenios amistosos que sobre sus respectivos límites celebren las entidades federativas. Faculta al Senado para resolver de manera definitiva los conflictos sobre límites territoriales de las entidades federativas que así lo soliciten. | Proceso Legislativo |"
cpeum,164,09-12-2005,2101602,1.0,"Decreto por el que se declara reformados los artículos 14, segundo párrafo y 22 primer párrafo, y derogado el cuarto párrafo del artículo 22 de la Constitución Política de los Estados Unidos Mexicanos   ","DECRETO por el que se declara reformados los artículos 14, segundo párrafo y 22 primer párrafo, y derogado el cuarto párrafo del artículo 22 de la Constitución Política de los Estados Unidos Mexicanos. Incorpora de manera expresa en la Constitución la prohibición de la pena de muerte en la República Mexicana. | Proceso Legislativo |"
cpeum,165,12-12-2005,2101661,1.0,"Decreto por el que se declara reformado el párrafo cuarto y adicionados los párrafos quinto y sexto, y se recorre en su orden los últimos dos párrafos del Artículo 18 de la Constitución Política de los Estados Unidos Mexicanos   ","DECRETO por el que se declara reformado el párrafo cuarto y adicionados los párrafos quinto y sexto, y se recorre en su orden los últimos dos párrafos del Artículo 18 de la Constitución Política de los Estados Unidos Mexicanos. Establece la implementación de un sistema integral de justicia penal para adolescentes por parte de la Federación, los estados y el Distrito Federal. | Proceso Legislativo |"
cpeum,166,07-04-2006,2142855,1.0,Decreto por el que se declaran reformados los artículos 26 y 73 fracción XXIX-D de la Constitución Política de los Estados Unidos Mexicanos   ,DECRETO por el que se declaran reformados los artículos 26 y 73 fracción XXIX-D de la Constitución Política de los Estados Unidos Mexicanos. Otorga al INEGI el carácter de órgano constitucional autónomo. Establece las bases del Sistema Nacional de Información Estadística y Geográfica. Faculta al Congreso para expedir leyes en materia de información estadística y geográfica. | Proceso Legislativo |
cpeum,167,14-09-2006,4931335,1.0,Decreto por el que se adiciona el inciso g) a la fracción II del artículo 105 de la Constitución Política de los Estados Unidos Mexicanos   ,DECRETO por el que se adiciona el inciso g) a la fracción II del artículo 105 de la Constitución Política de los Estados Unidos Mexicanos . Faculta a la Comisión Nacional de los Derechos Humanos para promover acciones de inconstitucionalidad cuando las leyes o tratados vulneren los derechos humanos. También otorga dicha facultad a los organismos de protección de los derechos humanos locales respecto de las leyes de las entidades federativas. | Proceso Legislativo |
cpeum,168,04-12-2006,4939293,1.0,"Decreto por el que se reforma el artículo 73, fracción XXIX-H de la Constitución Política de los Estados Unidos Mexicanos   ","DECRETO por el que se reforma el artículo 73, fracción XXIX-H de la Constitución Política de los Estados Unidos Mexicanos. Otorga a los tribunales de lo contencioso/administrativo la facultad para imponer sanciones a los servidores públicos por responsabilidad administrativa. | Proceso Legislativo |"
cpeum,169,04-12-2006,4939294,1.0,"Decreto por el que se reforma el Artículo 1o., Párrafo Tercero de la Constitución Política de los Estados Unidos Mexicanos   ","DECRETO por el que se reforma el Artículo 1o., Párrafo Tercero de la Constitución Política de los Estados Unidos Mexicanos. Prohíbe la discriminación motivada por “las discapacidades”, sustituyendo el anterior término de “capacidades diferentes”. | Proceso Legislativo |"
cpeum,170,12-02-2007,4962043,1.0,"Decreto por el que se reforma el artículo 76 fracción I, y el artículo 89 fracción X, de la Constitución Política de los Estados Unidos Mexicanos   ","DECRETO por el que se reforma el artículo 76 fracción I, y el artículo 89 fracción X, de la Constitución Política de los Estados Unidos Mexicanos. Faculta al Senado para aprobar las decisiones del Ejecutivo Federal que tengan por objeto terminar, denunciar, suspender, modificar, enmendar, retirar reservas y formular declaraciones interpretativas sobre los tratados internacionales y convenciones diplomáticas. | Proceso Legislativo |"
cpeum,171,19-06-2007,4991109,1.0,"Decreto por el que se reforma la fracción VI, del artículo 82 de la Constitución Política de los Estados Unidos Mexicanos   ","DECRETO por el que se reforma la fracción VI, del artículo 82 de la Constitución Política de los Estados Unidos Mexicanos. Se incorpora entre los requisitos para ser Presidente de la República, el no ser Jefe de Gobierno del Distrito Federal, y se suprime el término de jefe o secretario general de departamento administrativo. | Proceso Legislativo |"
cpeum,172,19-06-2007,4991110,1.0,Decreto por el que se reforma la fracción V del artículo 55 de la Constitución Política de los Estados Unidos Mexicanos   ,"DECRETO por el que se reforma la fracción V del artículo 55 de la Constitución Política de los Estados Unidos Mexicanos. Se amplía la relación de altos funcionarios públicos que tienen la obligación de separarse de su cargo, como requisito para ser diputado federal. | Proceso Legislativo |"
cpeum,173,20-07-2007,4994147,1.0,Decreto por el que se reforma la fracción X del artículo 73 de la Constitución Política de los Estados Unidos Mexicanos   ,"DECRETO por el que se reforma la fracción X del artículo 73 de la Constitución Política de los Estados Unidos Mexicanos. Otorga al Congreso la facultad para legislar en toda la República sobre sustancias químicas, explosivos y pirotecnia. | Proceso Legislativo |"
cpeum,174,20-07-2007,4994148,1.0,Decreto por el que se adiciona un segundo párrafo con siete fracciones al Artículo 6o. de la Constitución Política de los Estados Unidos Mexicanos   ,"DECRETO por el que se adiciona un segundo párrafo con siete fracciones al Artículo 6o. de la Constitución Política de los Estados Unidos Mexicanos. Establece los principios y bases para el ejercicio del derecho de acceso a la información, por los que se regirán la Federación, los estados y el Distrito Federal. | Proceso Legislativo |"
cpeum,175,02-08-2007,4995269,1.0,"Decreto por el que se reforman los artículos 29, 73, 90, 92, 93, 95, 110 y 111 de la Constitución Política de los Estados Unidos Mexicanos   ","DECRETO por el que se reforman los artículos 29, 73, 90, 92, 93, 95, 110 y 111 de la Constitución Política de los Estados Unidos Mexicanos. Elimina del texto constitucional el término de Departamento Administrativo, para ser sustituido por la figura actual de Secretaría de Estado. | Proceso Legislativo |"
cpeum,176,15-08-2007,4996471,1.0,Decreto por el que se adiciona una fracción XXIX-N al artículo 73 de la Constitución Política de los Estados Unidos Mexicanos   ,"DECRETO por el que se adiciona una fracción XXIX-N al artículo 73 de la Constitución Política de los Estados Unidos Mexicanos. Faculta al Congreso para expedir leyes en materia de constitución, organización, funcionamiento y extinción de sociedades cooperativas. | Proceso Legislativo |"
cpeum,177,27-09-2007,5002037,1.0,"Decreto por el que se reforma la fracción IV del artículo 99, de la Constitución Política de los Estados Unidos Mexicanos   ","DECRETO por el que se reforma la fracción IV del artículo 99, de la Constitución Política de los Estados Unidos Mexicanos. Se establece expresamente como requisito de procedencia para impugnar l as resoluciones definitivas de las autoridades electorales de las entidades federativas , ante el Tribunal Electoral del Poder Judicial de la Federación, el que se haya violado algún precepto constitucional. | Proceso Legislativo |"
cpeum,178,13-11-2007,5005999,1.0,"Decreto que reforma los artículos 6o., 41, 85, 99, 108, 116 y 122; adiciona el artículo 134 y deroga un párrafo al artículo 97 de la Constitución Política de los Estados Unidos Mexicanos   ","DECRETO que reforma los artículos 6o., 41, 85, 99, 108, 116 y 122; adiciona el artículo 134 y deroga un párrafo al artículo 97 de la Constitución Política de los Estados Unidos Mexicanos. Reforma electoral. Reduce el financiamiento público para gasto en campañas electorales. Ajusta los límites para el financiamiento privado. Reduce los tiempos de campañas electorales y regula las precampañas. Precisa la renovación escalonada de consejeros electorales. Prohíbe a los partidos políticos contratar propaganda en radio y televisión. | Proceso Legislativo |"
cpeum,179,07-05-2008,5037072,1.0,"Decreto que reforma, adiciona y deroga diversas disposiciones de la Constitución Política de los Estados Unidos Mexicanos","DECRETO que reforma, adiciona y deroga diversas disposiciones de la Constitución Política de los Estados Unidos Mexicanos. Reforma en materia de gasto público. Faculta al Congreso para expedir leyes en materia de contabilidad gubernamental aplicables a los tres niveles de gobierno. Modifica los plazos para la presentación y revisión de la Cuenta Pública. Fortalece las facultades de la Auditoría Superior de la Federación en la materia."
cpeum,180,18-06-2008,5046978,1.0,Decreto por el que se reforman y adicionan diversas disposiciones de la Constitución Política de los Estados Unidos Mexicanos,DECRETO por el que se reforman y adicionan diversas disposiciones de la Constitución Política de los Estados Unidos Mexicanos. Reforma integral que establece las bases para regular el sistema procesal penal acusatorio y aplica diversas modificaciones al sistema penitenciario y de seguridad pública.
cpeum,181,15-08-2008,5056779,1.0,Decreto por el que se reforman los artículos 69 y 93 de la Constitución Política de los Estados Unidos Mexicanos,DECRETO por el que se reforman los artículos 69 y 93 de la Constitución Política de los Estados Unidos Mexicanos . Modifica el formato del informe presidencial suprimiendo la obligación de que el titular Ejecutivo federal acuda personalmente al Congreso de la Unión. Incorpora la figura de pregunta parlamentaria (pregunta por escrito). | Proceso Legislativo |
cpeum,182,29-08-2008,5058381,1.0,Decreto por el que se reforma el artículo 88 de la Constitución Política de los Estados Unidos Mexicanos,"DECRETO por el que se reforma el artículo 88 de la Constitución Política de los Estados Unidos Mexicanos. Permite al Presidente de la República ausentarse del territorio nacional hasta por 7 días, informando previamente a la Cámara de Senadores o a la Comisión Permanente. Señala que en ausencias mayores a 7 días, se requerirá permiso de la Cámara de Senadores o de la Comisión Permanente. | Proceso Legislativo |"
cpeum,183,26-09-2008,5061915,1.0,Decreto por el que se reforma el párrafo quinto de la fracción I del artículo 116 de la Constitución Política de los Estados Unidos Mexicanos,"DECRETO por el que se reforma el párrafo quinto de la fracción I del artículo 116 de la Constitución Política de los Estados Unidos Mexicanos. Adiciona entre los requisitos para ser Gobernador de un estado, el de tener 30 años cumplidos el día de la elección, o menos, si así lo establece la Constitución Política de la entidad federativa. | Proceso Legislativo |"
cpeum,184,30-04-2009,5089046,1.0,Decreto por el que se adiciona un párrafo noveno al artículo 4o.; se reforma la fracción XXV y se adiciona una fracción XXIX-Ñ al artículo 73 de la Constitución Política de los Estados Unidos Mexicanos,DECRETO por el que se adiciona un párrafo noveno al artículo 4o.; se reforma la fracción XXV y se adiciona una fracción XXIX-Ñ al artículo 73 de la Constitución Política de los Estados Unidos Mexicanos. Eleva a rango constitucional el derecho de toda persona al acceso a la cultura y faculta al Congreso para legislar en esta materia. | Proceso Legislativo |
cpeum,185,30-04-2009,5089047,1.0,Decreto por el que se adiciona la fracción XXIX-O al artículo 73 de la Constitución Política de los Estados Unidos Mexicanos,DECRETO por el que se adiciona la fracción XXIX-O al artículo 73 de la Constitución Política de los Estados Unidos Mexicanos. Establece la facultad expresa del Congreso para legislar en materia de protección de datos personales en posesión de particulares. | Proceso Legislativo |
cpeum,186,04-05-2009,5089277,1.0,Decreto por el que se reforma el párrafo primero de la fracción XXI del artículo 73 de la Constitución Política de los Estados Unidos Mexicanos,DECRETO por el que se reforma el párrafo primero de la fracción XXI del artículo 73 de la Constitución Política de los Estados Unidos Mexicanos . Faculta al Congreso para expedir una ley general en materia de secuestro. | Proceso Legislativo |
cpeum,187,01-06-2009,5092143,1.0,"Decreto por el que se adiciona un segundo párrafo, recorriéndose los subsecuentes en su orden, al artículo 16 de la Constitución Política de los Estados Unidos Mexicanos","DECRETO por el que se adiciona un segundo párrafo, recorriéndose los subsecuentes en su orden, al artículo 16 de la Constitución Política de los Estados Unidos Mexicanos. Fe de errata | DOF 25/06/2009 | Word | Incorpora el derecho de toda persona a la protección de sus datos personales, al acceso, rectificación y cancelación de los mismos, así como a manifestar su oposición. | Proceso Legislativo |"
cpeum,188,14-08-2009,5103690,1.0,"Decreto por el que se adiciona un segundo párrafo al artículo segundo transitorio y un artículo tercero transitorio al decreto por el que se declaran reformado el párrafo cuarto y adicionados los párrafos quinto y sexto, y se recorre el orden de los últimos dos párrafos del artículo 18 de la Constitución Política de los Estados Unidos Mexicanos, publicado el 12 de diciembre de 2005","DECRETO por el que se adiciona un segundo párrafo al artículo segundo transitorio y un artículo tercero transitorio al decreto por el que se declaran reformado el párrafo cuarto y adicionados los párrafos quinto y sexto, y se recorre el orden de los últimos dos párrafos del artículo 18 de la Constitución Política de los Estados Unidos Mexicanos, publicado el 12 de diciembre de 2005. Establece el plazo de 1 año para que la Federación expida las leyes que se requieran en el orden federal para la implementación del sistema de justicia integral para adolescentes. | Proceso Legislativo |"
cpeum,189,24-08-2009,5106401,1.0,"Decreto por el que se reforman y adicionan los artículos 75, 115, 116, 122, 123 y 127 de la Constitución Política de los Estados Unidos Mexicanos","DECRETO por el que se reforman y adicionan los artículos 75, 115, 116, 122, 123 y 127 de la Constitución Política de los Estados Unidos Mexicanos . Incorpora las bases para regular las remuneraciones que perciban los servidores públicos de la Federación, de los estados, del Distrito Federal y de los municipios. Determina que ningún servidor público podrá recibir remuneración mayor a la establecida para el Presidente de la República. | Proceso Legislativo |"
cpeum,190,27-04-2010,5140735,1.0,"Decreto por el que se reforma la fracción II, de la Base Cuarta del Apartado C del artículo 122 de la Constitución Política de los Estados Unidos Mexicanos","DECRETO por el que se reforma la fracción II, de la Base Cuarta del Apartado C del artículo 122 de la Constitución Política de los Estados Unidos Mexicanos. Señala que en la integración del Consejo de la Judicatura del Distrito Federal habrá 2 jueces nombrados por el Pleno del Tribunal Superior de Justicia por mayoría calificada. | Proceso Legislativo |"
cpeum,191,29-07-2010,5153572,1.0,Decreto por el que se adiciona un párrafo tercero y se recorre el orden de los párrafos subsecuentes del artículo 17 de la Constitución Política de los Estados Unidos Mexicanos,DECRETO por el que se adiciona un párrafo tercero y se recorre el orden de los párrafos subsecuentes del artículo 17 de la Constitución Política de los Estados Unidos Mexicanos . Faculta al Congreso para expedir las leyes que regulen las acciones colectivas. | Proceso Legislativo |
cpeum,192,13-04-2011,5185894,1.0,Decreto por el que se reforma el artículo 43 de la Constitución Política de los Estados Unidos Mexicanos,DECRETO por el que se reforma el artículo 43 de la Constitución Política de los Estados Unidos Mexicanos . Establece la completa denominación del estado de “Coahuila de Zaragoza”. | Proceso Legislativo |
cpeum,193,06-06-2011,5193266,1.0,"Decreto por el que se reforman, adicionan y derogan diversas disposiciones de los artículos 94, 103, 104 y 107 de la Constitución Política de los Estados Unidos Mexicanos","DECRETO por el que se reforman, adicionan y derogan diversas disposiciones de los artículos 94, 103, 104 y 107 de la Constitución Política de los Estados Unidos Mexicanos. Reforma integral en materia de juicio de amparo. | Proceso Legislativo |"
cpeum,194,10-06-2011,5194486,1.0,Decreto por el que se modifica la denominación del Capítulo I del Título Primero y reforma diversos artículos de la Constitución Política de los Estados Unidos Mexicanos,DECRETO por el que se modifica la denominación del Capítulo I del Título Primero y reforma diversos artículos de la Constitución Política de los Estados Unidos Mexicanos . Reconoce constitucionalmente los derechos humanos de las personas y establece las garantías para lograr su efectiva protección. Incorpora disposiciones en materia de derechos humanos que den cumplimiento a los tratados internacionales de los que México sea parte.
cpeum,195,14-07-2011,5200827,1.0,"Decreto por el que se reforman los artículos 19, 20 y 73 de la Constitución Política de los Estados Unidos Mexicanos","DECRETO por el que se reforman los artículos 19, 20 y 73 de la Constitución Política de los Estados Unidos Mexicanos . Incorpora la trata de personas entre los delitos en los cuales el juez ordenará de oficio la prisión preventiva. Otorga a las víctimas del delito de trata de personas el derecho a resguardar su identidad y datos personales. Faculta al Congreso para legislar en materia de trata de personas. | Proceso Legislativo |"
cpeum,196,17-08-2011,5205065,1.0,"Decreto por el que se reforman los artículos 71, 72 y 78 de la Constitución Política de los Estados Unidos Mexicanos","DECRETO por el que se reforman los artículos 71, 72 y 78 de la Constitución Política de los Estados Unidos Mexicanos . Establece nuevos plazos para que el Ejecutivo Federal emita sus observaciones, promulgue y publique las leyes o decretos que le turnen las Cámaras del Congreso. Establece el supuesto en el que la Cámara de Origen podrá ordenar la publicación de estas leyes o decretos. | Proceso Legislativo |"
cpeum,197,12-10-2011,5213825,1.0,Decreto por el que se adiciona un párrafo décimo al artículo 4o. y se reforma la fracción XXIX-J del artículo 73 de la Constitución Política de los Estados Unidos Mexicanos,DECRETO por el que se adiciona un párrafo décimo al artículo 4o. y se reforma la fracción XXIX-J del artículo 73 de la Constitución Política de los Estados Unidos Mexicanos . Eleva a rango constitucional el derecho a la cultura física y a la práctica del deporte; y faculta al Congreso para legislar en la materia. | Proceso Legislativo |
cpeum,198,12-10-2011,5213826,1.0,"Decreto por el que se reforman los párrafos sexto y séptimo del artículo 4o. y se adiciona la fracción XXIX-P al artículo 73, de la Constitución Política de los Estados Unidos Mexicanos","DECRETO por el que se reforman los párrafos sexto y séptimo del artículo 4o. y se adiciona la fracción XXIX-P al artículo 73, de la Constitución Política de los Estados Unidos Mexicanos. Eleva a rango constitucional el interés superior y derechos de la niñez. Faculta al Congreso para legislar en materia de derechos de niñas, niños y adolescentes. | Proceso Legislativo |"
cpeum,199,13-10-2011,5213965,1.0,Decreto por el que se adiciona un párrafo tercero al artículo 4o. recorriéndose en el orden los subsecuentes y un segundo párrafo a la fracción XX del artículo 27 ambos de la Constitución Política de los Estados Unidos Mexicanos,"DECRETO por el que se adiciona un párrafo tercero al artículo 4o. recorriéndose en el orden los subsecuentes y un segundo párrafo a la fracción XX del artículo 27 ambos de la Constitución Política de los Estados Unidos Mexicanos. Eleva a rango constitucional el derecho a la alimentación nutritiva, suficiente y de calidad. | Proceso Legislativo |"
cpeum,200,08-02-2012,5232952,1.0,"Decreto por el que se Declara reformado el párrafo quinto y se adiciona un párrafo sexto recorriéndose en su orden los subsecuentes, al artículo 4o. de la Constitución Política de los Estados Unidos Mexicanos","DECRETO por el que se Declara reformado el párrafo quinto y se adiciona un párrafo sexto recorriéndose en su orden los subsecuentes, al artículo 4o. de la Constitución Política de los Estados Unidos Mexicanos. Eleva a rango constitucional el derecho al agua para uso personal y doméstico, así como el derecho al medio ambiente sano. | Proceso Legislativo |"
cpeum,201,09-02-2012,5233070,1.0,"Decreto por el que se declara reformado el párrafo primero; el inciso c) de la fracción II y la fracción V del artículo 3o., y la fracción I del artículo 31 de la Constitución Política de los Estados Unidos Mexicanos","DECRETO por el que se declara reformado el párrafo primero; el inciso c) de la fracción II y la fracción V del artículo 3o., y la fracción I del artículo 31 de la Constitución Política de los Estados Unidos Mexicanos. Establece la obligatoriedad de la educación media superior. | Proceso Legislativo |"
cpeum,202,25-06-2012,5256052,1.0,Decreto por el que se adiciona el párrafo segundo de la fracción XXI del artículo 73 de la Constitución Política de los Estados Unidos Mexicanos,"DECRETO por el que se adiciona el párrafo segundo de la fracción XXI del artículo 73 de la Constitución Política de los Estados Unidos Mexicanos. Faculta a las autoridades federales para conocer de los delitos del fuero común cuando éstos tengan relación con delitos contra periodistas, o que afecten el derecho a la información o las libertades de expresión e imprenta. | Proceso Legislativo |"
cpeum,203,09-08-2012,5262910,1.0,"Decreto por el que se reforman y adicionan diversas disposiciones de la Constitución Política de los Estados Unidos Mexicanos, en materia política","DECRETO por el que se reforman y adicionan diversas disposiciones de la Constitución Política de los Estados Unidos Mexicanos, en materia política. Reforma política. Regula las consultas populares y la iniciativa ciudadana. Otorga al Presidente la facultad de iniciativa preferente. Modifica los supuestos para la designación de Presidente interino o sustituto, y del titular provisional del Poder Ejecutivo. Señala los casos para la protesta constitucional del Presidente de la República."
cpeum,204,15-10-2012,5272739,1.0,"Decreto por el que se reforman los artículos 46, 76 y 105 de la Constitución Política de los Estados Unidos Mexicanos","DECRETO por el que se reforman los artículos 46, 76 y 105 de la Constitución Política de los Estados Unidos Mexicanos. Da a la Suprema Corte de Justicia de la Nación la facultad para resolver las controversias por límites territoriales entre las entidades federativas. | Proceso Legislativo |"
cpeum,205,30-11-2012,5280961,1.0,Decreto por el que se reforma el Artículo 40 de la Constitución Política de los Estados Unidos Mexicanos,DECRETO por el que se reforma el Artículo 40 de la Constitución Política de los Estados Unidos Mexicanos. Incorpora el carácter “laico” de la República. | Proceso Legislativo |
cpeum,206,26-02-2013,5288919,1.0,"Decreto por el que se reforman los artículos 3o. en sus fracciones III, VII y VIII; y 73, fracción XXV, y se adiciona un párrafo tercero, un inciso d) al párrafo segundo de la fracción II y una fracción IX al artículo 3o. de la Constitución Política de los Estados Unidos Mexicanos","DECRETO por el que se reforman los artículos 3o. en sus fracciones III, VII y VIII; y 73, fracción XXV, y se adiciona un párrafo tercero, un inciso d) al párrafo segundo de la fracción II y una fracción IX al artículo 3o. de la Constitución Política de los Estados Unidos Mexicanos . Reforma educativa. Establece las bases del sistema nacional de evaluación educativa y del servicio profesional docente. Crea el Instituto Nacional para la Evaluación de la Educación como órgano público autónomo. | Proceso Legislativo |"
cpeum,207,05-06-2013,5301381,1.0,"Decreto por el que se reforman los párrafos primero y último del artículo 25, así como el párrafo primero y tercero del apartado A del artículo 26 de la Constitución Política de los Estados Unidos Mexicanos","DECRETO por el que se reforman los párrafos primero y último del artículo 25, así como el párrafo primero y tercero del apartado A del artículo 26 de la Constitución Política de los Estados Unidos Mexicanos . Incluye la competitividad económica como elemento del desarrollo nacional. | Proceso Legislativo |"
cpeum,208,11-06-2013,5301941,1.0,"Decreto por el que se reforman y adicionan diversas disposiciones de los artículos 6o., 7o., 27, 28, 73, 78, 94 y 105 de la Constitución Política de los Estados Unidos Mexicanos, en Materia de Telecomunicaciones","DECRETO por el que se reforman y adicionan diversas disposiciones de los artículos 6o., 7o., 27, 28, 73, 78, 94 y 105 de la Constitución Política de los Estados Unidos Mexicanos, en materia de telecomunicaciones . Reforma de telecomunicaciones. Establece la Comisión Federal de Competencia Económica y el Instituto Federal de Telecomunicaciones como órganos públicos autónomos. | Proceso Legislativo |"
cpeum,209,19-07-2013,5307401,1.0,Decreto por el que se reforma el artículo 24 de la Constitución Política de los Estados Unidos Mexicanos,"DECRETO por el que se reforma el artículo 24 de la Constitución Política de los Estados Unidos Mexicanos . Precisa el concepto de libertad de culto como “libertad de convicciones éticas, de conciencia y de religión”. Restringe actos de culto público con fines políticos. | Proceso Legislativo |"
cpeum,210,30-09-2013,5315723,1.0,Decreto por el que se reforma el artículo 37 de la Constitución Política de los Estados Unidos Mexicanos,"DECRETO por el que se reforma el artículo 37 de la Constitución Política de los Estados Unidos Mexicanos. Faculta al Ejecutivo Federal para autorizar a ciudadanos mexicanos el uso de condecoraciones, servicios, funciones y títulos extranjeros. Permite que el Presidente de la República, los senadores y diputados del Congreso de la Unión y los ministros de la Suprema Corte de Justicia de la Nación puedan aceptar y usar libremente condecoraciones extranjeras. | Proceso Legislativo |"
cpeum,211,08-10-2013,5317162,1.0,Decreto por el que se reforma la fracción XXI del artículo 73 de la Constitución Política de los Estados Unidos Mexicanos,DECRETO por el que se reforma la fracción XXI del artículo 73 de la Constitución Política de los Estados Unidos Mexicanos. Faculta al Congreso para expedir la legislación procedimental penal única. | Proceso Legislativo |
cpeum,212,20-12-2013,5327463,1.0,"Decreto por el que se reforman y adicionan diversas disposiciones de la Constitución Política de los Estados Unidos Mexicanos, en Materia de Energía","DECRETO por el que se reforman y adicionan diversas disposiciones de la Constitución Política de los Estados Unidos Mexicanos, en Materia de Energía. Reforma energética. Permite al Estado llevar a cabo las actividades de exploración y extracción del petróleo y demás hidrocarburos mediante asignaciones a empresas productivas del Estado o a través de contratos con éstas o con particulares. También posibilita los contratos con particulares en materia de servicio público de transmisión y distribución de energía eléctrica. Crea el Fondo Mexicano del Petróleo para la Estabilización y el Desarrollo."
cpeum,213,27-12-2013,5328203,1.0,Decreto por el que se adiciona una fracción XXIX-R al artículo 73 de la Constitución Política de los Estados Unidos Mexicanos,DECRETO por el que se adiciona una fracción XXIX-R al artículo 73 de la Constitución Política de los Estados Unidos Mexicanos. Faculta al Congreso para expedir la ley general que armonice y homologue la organización y el funcionamiento de los registros públicos inmobiliarios y de personas morales de las entidades federativas y los catastros municipales. | Proceso Legislativo |
cpeum,214,27-12-2013,5328204,1.0,"Decreto por el que se reforma el inciso e) y se adiciona un inciso o) de la fracción IV del artículo 116; y se reforma el artículo 122, Apartado C, Base Primera, fracción V, inciso f) de la Constitución Política de los Estados Unidos Mexicanos","DECRETO por el que se reforma el inciso e) y se adiciona un inciso o) de la fracción IV del artículo 116; y se reforma el artículo 122, Apartado C, Base Primera, fracción V, inciso f) de la Constitución Política de los Estados Unidos Mexicanos. Incorpora el principio de que las constituciones y leyes locales garantizarán que en las elecciones los ciudadanos soliciten su registro como candidatos para poder ser votados en forma independiente a todos los cargos de elección popular. | Proceso Legislativo |"
cpeum,215,07-02-2014,5332003,1.0,"Decreto por el que se reforman y adicionan diversas disposiciones de la Constitución Política de los Estados Unidos Mexicanos, en materia de transparencia","DECRETO por el que se reforman y adicionan diversas disposiciones de la Constitución Política de los Estados Unidos Mexicanos, en materia de transparencia. Reforma en materia de transparencia. Otorga autonomía constitucional al organismo responsable de garantizar el derecho de acceso a la información pública y a la protección de datos personales. Amplía los sujetos obligados. Establece las bases de transparencia para las entidades federativas."
cpeum,216,10-02-2014,5332025,1.0,"Decreto por el que se reforman, adicionan y derogan diversas disposiciones de la Constitución Política de los Estados Unidos Mexicanos, en materia política- electoral","DECRETO por el que se reforman, adicionan y derogan diversas disposiciones de la Constitución Política de los Estados Unidos Mexicanos, en materia política-electoral . Reforma política-electoral. Crea el Instituto Nacional Electoral. Incorpora la reelección consecutiva de senadores y diputados federales, diputados locales, presidentes municipales, regidores y síndicos. Dota de autonomía constitucional al Consejo Nacional de Evaluación de la Política de Desarrollo Social. Modifica la fecha de inicio del cargo de Presidente de la República. Faculta a las Cámaras del Congreso para ratificar a determinados Secretarios de Estado. Crea la Fiscalía General de la República como órgano constitucional autónomo."
cpeum,217,17-06-2014,5348863,1.0,Decreto por el que se adiciona el artículo 4o. de la Constitución Política de los Estados Unidos Mexicanos,DECRETO por el que se adiciona el artículo 4o. de la Constitución Política de los Estados Unidos Mexicanos . Incorpora el derecho de toda persona a la identidad y a ser registrado de manera inmediata a su nacimiento. Establece que la autoridad competente expedirá gratuitamente la primera copia certificada del acta de nacimiento. | Proceso Legislativo |
cpeum,218,17-06-2014,5348864,1.0,Decreto por el que se reforma el tercer párrafo del artículo 108 de la Constitución Política de los Estados Unidos Mexicanos,"DECRETO por el que se reforma el tercer párrafo del artículo 108 de la Constitución Política de los Estados Unidos Mexicanos . Agrega a ""los integrantes de los ayuntamientos"", en la relación de funcionarios públicos que serán responsables por violaciones a la Constitución y a las leyes federales, así como por el manejo y aplicación indebidos de fondos y recursos federales. | Proceso Legislativo |"
cpeum,219,17-06-2014,5348865,1.0,Decreto por el que se reforma la fracción III del apartado A del artículo 123 de la Constitución Política de los Estados Unidos Mexicanos,DECRETO por el que se reforma la fracción III del apartado A del artículo 123 de la Constitución Política de los Estados Unidos Mexicanos . Establece que queda prohibida la utilización del trabajo de los menores de quince años. | Proceso Legislativo |
cpeum,220,07-07-2014,5351343,1.0,Decreto por el que se reforma el inciso b) del tercer párrafo de la Base VI del artículo 41 de la Constitución Política de los Estados Unidos Mexicanos,"DECRETO por el que se reforma el inciso b) del tercer párrafo de la Base VI del artículo 41 de la Constitución Política de los Estados Unidos Mexicanos . Precisa el caso de compra o adquisición de cobertura informativa o tiempos en radio y televisión, fuera de los supuestos previstos en la ley, como parte del sistema de nulidades de las elecciones federales o locales por violaciones graves, dolosas y determinantes. | Proceso Legislativo |"
cpeum,221,22-05-2015,5393363,1.0,"Decreto por el que se reforma la fracción III, del Apartado A, del artículo 2o. de la Constitución Política de los Estados Unidos Mexicanos","DECRETO por el que se reforma la fracción III, del Apartado A, del artículo 2o. de la Constitución Política de los Estados Unidos Mexicanos . Determina la garantía de que “las mujeres y los hombres indígenas disfrutarán y ejercerán su derecho de votar y ser votados en condiciones de igualdad; así como a acceder y desempeñar los cargos públicos y de elección popular para los que hayan sido electos o designados”; e incorpora que “en ningún caso las prácticas comunitarias podrán limitar los derechos político electorales de los y las ciudadanas en la elección de sus autoridades municipales”. | Proceso Legislativo |"
cpeum,222,26-05-2015,5393583,1.0,"Decreto por el que se reforman y adicionan diversas disposiciones de la Constitución Política de los Estados Unidos Mexicanos, en materia de disciplina financiera de las entidades federativas y los municipios","DECRETO por el que se reforman y adicionan diversas disposiciones de la Constitución Política de los Estados Unidos Mexicanos, en materia de disciplina financiera de las entidades federativas y los municipios . Incorpora el principio de que el Estado velará por la estabilidad de las finanzas públicas y del sistema financiero para coadyuvar a generar condiciones favorables para el crecimiento económico y el empleo. El Plan Nacional de Desarrollo y los planes estatales y municipales deberán observar dicho principio. Faculta al Congreso de la Unión para expedir leyes en materia de responsabilidad hacendaria que tengan por objeto el manejo sostenible de las finanzas públicas en la Federación, los Estados, Municipios y el Distrito Federal, con base en el principio anterior."
cpeum,223,27-05-2015,5394003,1.0,"Decreto por el que se reforman, adicionan y derogan diversas disposiciones de la Constitución Política de los Estados Unidos Mexicanos, en materia de combate a la corrupción","DECRETO por el que se reforman, adicionan y derogan diversas disposiciones de la Constitución Política de los Estados Unidos Mexicanos, en materia de combate a la corrupción . Crea el Sistema Nacional Anticorrupción. Faculta al Congreso de la Unión para: 1) expedir la ley general que establezca las bases de coordinación del Sistema Nacional Anticorrupción; 2) expedir la ley que instituya el Tribunal Federal de Justicia Administrativa; y 3) expedir la ley general de responsabilidades administrativas de los servidores públicos y las de los particulares vinculados con faltas administrativas graves. Otorga a la Cámara de Diputados la atribución para designar a los titulares de los órganos internos de control de los organismos con autonomía reconocida en la Constitución que ejerzan recursos del Presupuesto de Egresos de la Federación. Obliga a los servidores públicos a presentar su declaración patrimonial y de intereses."
cpeum,224,02-07-2015,5399103,1.0,Decreto por el que se reforman los párrafos cuarto y sexto del artículo 18 y el inciso c) de la fracción XXI del artículo 73 de la Constitución Política de los Estados Unidos Mexicanos,DECRETO por el que se reforman los párrafos cuarto y sexto del artículo 18 y el inciso c) de la fracción XXI del artículo 73 de la Constitución Política de los Estados Unidos Mexicanos . Faculta al Congreso para expedir la legislación nacional en materia de justicia penal para adolescentes. | Proceso Legislativo |
cpeum,225,10-07-2015,5400163,1.0,"Decreto por el que se reforma el artículo 73, fracción XXI, inciso a), de la Constitución Política de los Estados Unidos Mexicanos","DECRETO por el que se reforma el artículo 73, fracción XXI, inciso a), de la Constitución Política de los Estados Unidos Mexicanos . Establece la facultad del Congreso para expedir las leyes generales en materia de desaparición forzada de personas, otras formas de privación de la libertad contrarias a la ley, tortura y otros tratos o penas crueles, inhumanos o degradantes . | Proceso Legislativo |"
cpeum,226,27-01-2016,5423663,1.0,"Decreto por el que se declara reformadas y adicionadas diversas disposiciones de la Constitución Política de los Estados Unidos Mexicanos, en materia de desindexación del salario mínimo","DECRETO por el que se declara reformadas y adicionadas diversas disposiciones de la Constitución Política de los Estados Unidos Mexicanos, en materia de desindexación del salario mínimo . Faculta al Instituto Nacional de Estadística y Geografía para calcular el valor de la Unidad de Medida y Actualización que será utilizada como unidad de cuenta, índice, base, medida o referencia para determinar la cuantía del pago de las obligaciones y supuestos previstos en las leyes federales, de las entidades federativas y del Distrito Federal, así como en las disposiciones jurídicas que emanen de todas las anteriores. Establece que el salario mínimo no podrá ser utilizado como índice, unidad, base, medida o referencia para fines ajenos a su naturaleza. Incorpora la obligación del Congreso de la Unión para emitir la legislación reglamentaria que determine el valor de la Unidad de Medida y Actualización."
cpeum,227,29-01-2016,5424043,1.0,"Decreto por el que se declaran reformadas y derogadas diversas disposiciones de la Constitución Política de los Estados Unidos Mexicanos, en materia de la reforma política de la Ciudad de México","DECRETO por el que se declaran reformadas y derogadas diversas disposiciones de la Constitución Política de los Estados Unidos Mexicanos, en materia de la reforma política de la Ciudad de México . Se crea la Ciudad de México como una entidad federativa con autonomía en todo lo concerniente a su régimen interior y a su organización política y administrativa, en los términos que establezca la Constitución Política de la Ciudad de México. El ejercicio del Poder Legislativo se deposita en la Legislatura de la Ciudad de México. El titular del Poder Ejecutivo se denomina Jefe de Gobierno de la Ciudad de México. El ejercicio del Poder Judicial se deposita en el Tribunal Superior de Justicia, el Consejo de la Judicatura y los juzgados y tribunales que establezca la Constitución Política de la Ciudad de México. El gobierno de las demarcaciones territoriales de la Ciudad de México estará a cargo de las Alcaldías, que son órganos político administrativos que se integrarán por un Alcalde y por un Concejo electos para un periodo de 3 años. Se establece el régimen transitorio para la composición de la Asamblea Constituyente de la Ciudad de México, encargada de aprobar y expedir la Constitución Política de la Ciudad de México."
cpeum,228,25-07-2016,5445623,1.0,Decreto por el que se adiciona la fracción XXIX-X al artículo 73 de la Constitución Política de los Estados Unidos Mexicanos,DECRETO por el que se adiciona la fracción XXIX-X al artículo 73 de la Constitución Política de los Estados Unidos Mexicanos . Faculta al Congreso para expedir la ley general en materia de derechos de las víctimas. | Proceso Legislativo |
cpeum,229,15-08-2016,5447903,1.0,Decreto por el que se reforma el párrafo segundo del artículo 11 de la Constitución Política de los Estados Unidos Mexicanos,"DECRETO por el que se reforma el párrafo segundo del artículo 11 de la Constitución Política de los Estados Unidos Mexicanos . Establece que toda persona tiene derecho a buscar y recibir asilo; y señala que el reconocimiento de la condición de refugiado y el otorgamiento de asilo político, se realizarán de conformidad con los tratados internacionales. | Proceso Legislativo |"
cpeum,230,05-02-2017,5470987,1.0,"Decreto por el que se declaran reformadas y adicionadas diversas disposiciones de la Constitución Política de los Estados Unidos Mexicanos, en materia de Mecanismos Alternativos de Solución de Controversias, Mejora Regulatoria, Justicia Cívica e Itinerante y Registros Civiles","DECRETO por el que se declaran reformadas y adicionadas diversas disposiciones de la Constitución Política de los Estados Unidos Mexicanos, en materia de Mecanismos Alternativos de Solución de Controversias, Mejora Regulatoria, Justicia Cívica e Itinerante y Registros Civiles . Faculta al Congreso para expedir: 1) La ley general que establezca los principios y bases en materia de mecanismos alternativos de solución de controversias, con excepción de la materia penal; 2) la ley general que armonice y homologue la organización y el funcionamiento de los registros civiles; 3) la ley general que establezca los principios y bases a los que deberán sujetarse los órdenes de gobierno, en el ámbito de sus respectivas competencias, en materia de mejora regulatoria; y, 4) la ley general que establezca los principios y bases a los que deberán sujetarse los órdenes de gobierno, en el ámbito de su respectiva competencia, en materia de justicia cívica e itinerante."
cpeum,231,24-02-2017,5472965,1.0,"Decreto por el que se declaran reformadas y adicionadas diversas disposiciones de los artículos 107 y 123 de la Constitución Política de los Estados Unidos Mexicanos, en materia de Justicia Laboral","DECRETO por el que se declaran reformadas y adicionadas diversas disposiciones de los artículos 107 y 123 de la Constitución Política de los Estados Unidos Mexicanos, en materia de Justicia Laboral . Se suprimen las Juntas de Conciliación y Arbitraje. Se establece que la resolución de las diferencias o los conflictos entre trabajadores y patrones estará a cargo de los tribunales laborales del Poder Judicial de la Federación o de las entidades federativas. Se estipula que antes de acudir a los tribunales laborales, los trabajadores y patrones deberán asistir a la instancia conciliatoria correspondiente. En el orden local, la función conciliatoria estará a cargo de los Centros de Conciliación que se instituyan en las entidades federativas. Y en el orden federal, la función conciliatoria estará a cargo de un organismo descentralizado, al que le corresponderá además, el registro de todos los contratos colectivos de trabajo y las organizaciones sindicales, así como todos los procesos administrativos relacionados. Se precisa que el titular de este organismo descentralizado será designado por la Cámara de Senadores a propuesta del Ejecutivo Federal. | Proceso Legislativo |"
cpeum,232,15-09-2017,5497456,1.0,"Decreto por el que se reforman y adicionan los artículos 16, 17 y 73 de la Constitución Política de los Estados Unidos Mexicanos, en materia de Justicia Cotidiana (Solución de Fondo del Conflicto y Competencia Legislativa sobre Procedimientos Civiles y Familiares).","DECRETO por el que se reforman y adicionan los artículos 16, 17 y 73 de la Constitución Política de los Estados Unidos Mexicanos, en materia de Justicia Cotidiana (Solución de Fondo del Conflicto y Competencia Legislativa sobre Procedimientos Civiles y Familiares) . Establece que en los juicios o procedimientos seguidos en forma de juicio, las autoridades deberán privilegiar la solución del conflicto sobre los formalismos procedimentales. Faculta al Congreso para expedir la legislación única en materia procesal civil y familiar. | Proceso Legislativo |"
cpeum,233,27-08-2018,5535935,1.0,"Decreto por el que se reforma el artículo Décimo Sexto Transitorio del ""Decreto por el que se reforman, adicionan y derogan diversas disposiciones de la Constitución Política de los Estados Unidos Mexicanos, en materia política-electoral"", publicado en el Diario Oficial de la Federación el 10 de febrero de 2014.","DECRETO por el que se reforma el artículo Décimo Sexto Transitorio del “Decreto por el que se reforman, adicionan y derogan diversas disposiciones de la Constitución Política de los Estados Unidos Mexicanos, en materia política/electoral”, publicado en el Diario Oficial de la Federación el 10 de febrero de 2014 . Adiciona que una vez realizada la declaratoria expresa de entrada en vigor de la autonomía constitucional de la Fiscalía General de la República , la Cámara de Senadores iniciará de forma inmediata el procedimiento para la designación del Fiscal General de la República. Prevé que el Procurador General de la República que se encuentre en funciones al momento de expedirse la declaratoria, continuará en su encargo hasta en tanto el Senado designe al Fiscal General de la República . | Proceso Legislativo |"
cpeum,234,14-03-2019,5552861,1.0,"Decreto por el que se reforman el artículo 22 y la fracción XXX del artículo 73, de la Constitución Política de los Estados Unidos Mexicanos, en materia de Extinción de Dominio.","DECRETO por el que se reforman el artículo 22 y la fracción XXX del artículo 73, de la Constitución Política de los Estados Unidos Mexicanos, en materia de Extinción de Dominio . Establece que la acción de extinción de dominio se ejercitará por el Ministerio Público a través de un procedimiento jurisdiccional de naturaleza civil y autónomo del penal. Prevé que será procedente sobre bienes de carácter patrimonial cuya legítima procedencia no pueda acreditarse y se encuentren relacionados con las investigaciones derivadas de hechos de corrupción, encubrimiento, delitos cometidos por servidores públicos, delincuencia organizada, robo de vehículos, recursos de procedencia ilícita, delitos contra la salud, secuestro, extorsión, trata de personas y delitos en materia de hidrocarburos, petrolíferos y petroquímicos. Otorga al Congreso de la Unión la atribución para expedir la legislación sobre extinción de dominio en los términos del artículo 22 de la propia Constitución. | Proceso Legislativo |"
cpeum,235,26-03-2019,5555126,1.0,"Decreto por el que se reforman, adicionan y derogan diversas disposiciones de la Constitución Política de los Estados Unidos Mexicanos, en materia de Guardia Nacional.","DECRETO por el que se reforman, adicionan y derogan diversas disposiciones de la Constitución Política de los Estados Unidos Mexicanos, en materia de Guardia Nacional . Establece que la Federación contará con una institución policial de carácter civil denominada Guardia Nacional. Determina que la Guardia Nacional estará adscrita a la Secretaría de Seguridad Pública, la cual formulará la Estrategia Nacional de Seguridad Pública, los respectivos programas, políticas y acciones. Otorga al Congreso de la Unión la facultad para expedir la Ley de la Guardia Nacional, la Ley Nacional sobre el Uso de la Fuerza, y la Ley Nacional del Registro de Detenciones."
cpeum,236,12-04-2019,5557700,1.0,"Decreto por el que se declara reformado el Artículo 19 de la Constitución Política de los Estados Unidos Mexicanos, en materia de prisión preventiva oficiosa.","DECRETO por el que se declara reformado el Artículo 19 de la Constitución Política de los Estados Unidos Mexicanos, en materia de prisión preventiva oficiosa . Incorpora al catálogo de delitos en los que el juez ordenará la prisión preventiva oficiosamente, los casos de abuso o violencia sexual contra menores, feminicidio, robo de casa habitación, uso de programas sociales con fines electorales, corrupción tratándose de los delitos de enriquecimiento ilícito y ejercicio abusivo de funciones, robo al transporte de carga en cualquiera de sus modalidades, delitos en materia de hidrocarburos, petrolíferos o petroquímicos, delitos en materia de desaparición forzada de personas y desaparición cometida por particulares, y delitos en materia de armas de fuego y explosivos de uso exclusivo del Ejército, la Armada y la Fuerza Aérea. | Proceso Legislativo |"
cpeum,237,15-05-2019,5560457,1.0,"Decreto por el que se reforman, adicionan y derogan diversas disposiciones de los artículos 3o., 31 y 73 de la Constitución Política de los Estados Unidos Mexicanos, en materia educativa.","DECRETO por el que se reforman, adicionan y derogan diversas disposiciones de los artículos 3o., 31 y 73 de la Constitución Política de los Estados Unidos Mexicanos, en materia educativa . Estipula que corresponde al Estado la rectoría de la educación. Crea el Sistema para la Carrera de las Maestras y los Maestros en sus funciones docente, directiva o de supervisión. Determina que el Estado fortalecerá a las instituciones públicas de formación docente, de manera especial a las escuelas normales. Precisa las materias de los planes y programas de estudio. Crea el Sistema Nacional de Mejora Continua de la Educación, coordinado por un organismo público descentralizado, con autonomía técnica, operativa y presupuestaria, no sectorizado. Señala que este organismo contará con una Junta Directiva, un Consejo Técnico de Educación y un Consejo Ciudadano. Contempla que la obligatoriedad de la educación superior corresponde al Estado. Faculta al Congreso de la Unión para expedir la Ley del Sistema Nacional de Mejora Continua de la Educación, la Ley General del Sistema para la Carrera de las Maestras y los Maestros, la Ley General de Educación Superior y la General de Ciencia, Tecnología e Innovación. | Proceso Legislativo |"
cpeum,238,06-06-2019,5562178,1.0,"Decreto por el que se reforman los artículos 2, 4, 35, 41, 52, 53, 56, 94 y 115; de la Constitución Política de los Estados Unidos Mexicanos, en materia de Paridad entre Géneros.","DECRETO por el que se reforman los artículos 2, 4, 35, 41, 52, 53, 56, 94 y 115; de la Constitución Política de los Estados Unidos Mexicanos, en materia de Paridad entre Géneros . Consagra la obligación de observar el principio de paridad de género en: 1) La elección de representantes ante los ayuntamientos en municipios con población indígena; 2) Los nombramientos de titulares de las secretarías de despacho del Poder Ejecutivo Federal y sus equivalentes en las entidades federativas, así como en la integración de los organismos autónomos; 3) La postulación de candidaturas de los partidos políticos a los distintos cargos de elección popular; 4) La elección de diputados y senadores por el principio de representación proporcional, en listas encabezadas alternadamente entre mujeres y hombres cada periodo electivo; 5) Los concursos abiertos para la integración de los órganos jurisdiccionales; y 6) La integración de los ayuntamientos municipales. | Proceso Legislativo |"
cpeum,239,09-08-2019,5567623,1.0,Decreto por el que se adiciona un apartado C al artículo 2o. de la Constitución Política de los Estados Unidos Mexicanos.,"DECRETO por el que se adiciona un apartado C al artículo 2o. de la Constitución Política de los Estados Unidos Mexicanos . Reconoce a los pueblos y comunidades afromexicanas, cualquiera que sea su autodenominación, como parte de la composición pluricultural de la Nación. Establece que tendrán los mismos derechos que la Constitución consagra a los pueblos y comunidades indígenas, a fin de garantizar su libre determinación, autonomía, desarrollo e inclusión social. | Proceso Legislativo |"
cpeum,240,20-12-2019,5582486,1.0,"Decreto por el que se declara reformadas y adicionadas diversas disposiciones de la Constitución Política de los Estados Unidos Mexicanos, en materia de Consulta Popular y Revocación de Mandato.","DECRETO por el que se declara reformadas y adicionadas diversas disposiciones de la Constitución Política de los Estados Unidos Mexicanos, en materia de Consulta Popular y Revocación de Mandato ."
cpeum,241,06-03-2020,5588597,1.0,"Decreto por el que se declara reformado el primer párrafo del artículo 28 de la Constitución Política de los Estados Unidos Mexicanos, en materia de condonación de impuestos.","DECRETO por el que se declara reformado el primer párrafo del artículo 28 de la Constitución Política de los Estados Unidos Mexicanos, en materia de condonación de impuestos . Adicionar que en los Estados Unidos Mexicanos quedan prohibidas las condonaciones de impuestos en los términos y condiciones que fijan las leyes. | Proceso Legislativo |"
cpeum,242,08-05-2020,5593045,1.0,Decreto por el que se reforma y adiciona el artículo 4o. de la Constitución Política de los Estados Unidos Mexicanos.,"DECRETO por el que se reforma y adiciona el artículo 4o. de la Constitución Política de los Estados Unidos Mexicanos . Consagra un sistema de salud para el bienestar, para garantizar la extensión progresiva de los servicios de salud para la atención gratuita de las personas que no cuenten con seguridad social. Establece que el Estado garantizará la entrega de un apoyo económico a las personas que tengan discapacidad permanente. Determina que las personas adultas mayores tienen derecho a recibir por parte del Estado una pensión no contributiva. Prevé que el Estado establecerá un sistema de becas para los estudiantes de todos los niveles escolares del sistema de educación pública. | Proceso Legislativo |"
cpeum,243,18-12-2020,5608174,1.0,"Decreto por el que se declara reformadas diversas disposiciones de la Constitución Política de los Estados Unidos Mexicanos, en materia de Movilidad y Seguridad Vial.","DECRETO por el que se declara reformadas diversas disposiciones de la Constitución Política de los Estados Unidos Mexicanos, en materia de Movilidad y Seguridad Vial . Incorpora el derecho de toda persona a la movilidad en condiciones de seguridad vial, accesibilidad, eficiencia, sostenibilidad, calidad, inclusión e igualdad. Faculta al Congreso de la Unión para expedir la Ley General en Materia de Movilidad y Seguridad Vial."
cpeum,244,24-12-2020,5608665,1.0,"Decreto por el que se declara reformados los artículos 4o. y 73 de la Constitución Política de los Estados Unidos Mexicanos, en materia de Juventud.","DECRETO por el que se declara reformados los artículos 4o. y 73 de la Constitución Política de los Estados Unidos Mexicanos, en materia de Juventud . Establece que el Estado promoverá el desarrollo integral de las personas jóvenes, a través de políticas públicas con enfoque multidisciplinario, que propicien su inclusión en el ámbito político, social, económico y cultural del país. Faculta al Congreso de la Unión para legislar en materia de formación y desarrollo integral de la juventud . | Proceso Legislativo |"
cpeum,245,19-02-2021,5611825,1.0,"Decreto por el que se declara reformados los artículos 108 y 111 de la Constitución Política de los Estados Unidos Mexicanos, en materia de fuero.","DECRETO por el que se declara reformados los artículos 108 y 111 de la Constitución Política de los Estados Unidos Mexicanos, en materia de fuero . Establece que durante el tiempo de su encargo, el Presidente de la República podrá ser imputado y juzgado por traición a la patria, hechos de corrupción, delitos electorales y todos aquellos delitos por los que podría ser enjuiciado cualquier ciudadano o ciudadana . | Proceso Legislativo |"
cpeum,246,11-03-2021,5613325,1.0,"Decreto por el que se declara reformadas y adicionadas diversas disposiciones de la Constitución Política de los Estados Unidos Mexicanos, relativos al Poder Judicial de la Federación.","DECRETO por el que se declara reformadas y adicionadas diversas disposiciones de la Constitución Política de los Estados Unidos Mexicanos, relativos al Poder Judicial de la Federación . Reforma en materia del Poder Judicial de la Federación. Entre otras disposiciones: Crea los Tribunales Colegiados de Apelación en sustitución de los Tribunales Unitarios de Circuito y los Plenos Regionales en sustitución de los Plenos de Circuito. Establece la obligatoriedad de las sentencias del Pleno de la SCJN por mayoría de 8 votos y de las Salas por mayoría de 4 votos. Crea la Escuela Federal de Formación Judicial adscrita al Consejo de la Judicatura Federal. Regula el servicio de defensoría pública en asuntos del fuero federal. Modifica el procedimiento de declaratoria general de inconstitucionalidad."
cpeum,247,17-05-2021,5618485,1.0,"Decreto por el que se reforma el artículo 30 de la Constitución Política de los Estados Unidos Mexicanos, en materia de nacionalidad.","DECRETO por el que se reforma el artículo 30 de la Constitución Política de los Estados Unidos Mexicanos, en materia de nacionalidad . Establece que son mexicanos por nacimiento, los que nazcan en el extranjero, hijos de padres mexicanos, de madre mexicana o de padre mexicano. | Proceso Legislativo |"
cpeum,248,17-05-2021,5618486,1.0,Decreto por el que se reforma el artículo 43 de la Constitución Política de los Estados Unidos Mexicanos (Michoacán de Ocampo).,"DECRETO por el que se reforma el artículo 43 de la Constitución Política de los Estados Unidos Mexicanos (Michoacán de Ocampo) . Sustituye la denominación de la parte integrante de la Federación ""Michoacán"" por ""Michoacán de Ocampo"". | Proceso Legislativo |"
cpeum,249,17-05-2021,5618487,1.0,Decreto por el que se reforma el artículo 43 de la Constitución Política de los Estados Unidos Mexicanos (Veracruz de Ignacio de la Llave).,"DECRETO por el que se reforma el artículo 43 de la Constitución Política de los Estados Unidos Mexicanos (Veracruz de Ignacio de la Llave) . Sustituye la denominación de la parte integrante de la Federación ""Veracruz"" por ""Veracruz de Ignacio de la Llave"". | Proceso Legislativo |"
cpeum,250,17-05-2021,5618488,1.0,"Decreto por el que se reforma el artículo 74 de la Constitución Política de los Estados Unidos Mexicanos, en materia de partidas secretas.","DECRETO por el que se reforma el artículo 74 de la Constitución Política de los Estados Unidos Mexicanos, en materia de partidas secretas . Determina que no podrá haber partidas secretas en el Presupuesto de Egresos de la Federación. | Proceso Legislativo |"
cpeum,251,28-05-2021,5619625,1.0,"Decreto por el que se adiciona una fracción XXIII Bis al artículo 73 de la Constitución Política de los Estados Unidos Mexicanos, en materia de Seguridad Privada.","DECRETO por el que se adiciona una fracción XXIII Bis al artículo 73 de la Constitución Política de los Estados Unidos Mexicanos, en materia de Seguridad Privada . Faculta al Congreso de la Unión para expedir la ley general en materia de seguridad privada . | Proceso Legislativo |"
cpeum,252,18-11-2022,5671829,1.0,"Decreto por el que se reforma el Artículo Quinto Transitorio del Decreto por el que se reforman, adicionan y derogan diversas disposiciones de la Constitución Política de los Estados Unidos Mexicanos, en materia de Guardia Nacional, publicado en el Diario Oficial de la Federación el 26 de marzo de 2019.","DECRETO por el que se reforma el Artículo Quinto Transitorio del Decreto por el que se reforman, adicionan y derogan diversas disposiciones de la Constitución Política de los Estados Unidos Mexicanos, en materia de Guardia Nacional, publicado en el Diario Oficial de la Federación el 26 de marzo de 2019. Modifica las disposiciones constitucionales tra nsitorias que amplían de 5 a 9 años el plazo por el cual, en tanto la Guardia Nacional desarrolla su estructura, capacidades e implantación territorial, el Presidente de la República podrá disponer de la Fuerza Armada permanente en tareas de seguridad pública. | Proceso Legislativo |"
cpeum,253,08-05-2023,5688045,1.0,"Decreto por el que se declara adicionada una fracción X al artículo 116 de la Constitución Política de los Estados Unidos Mexicanos, en materia de símbolos de las entidades federativas.","DECRETO por el que se declara adicionada una fracción X al artículo 116 de la Constitución Política de los Estados Unidos Mexicanos , en materia de símbolos de las entidades federativas . Faculta a las Legislaturas de las entidades federativas para que, observando en todo momento la supremacía de los símbolos patrios, puedan legislar en materia de símbolos estatales, como son: himno, escudo y bandera, a fin de fomentar el patrimonio cultural, la historia y la identidad local . | Proceso Legislativo |"
cpeum,254,29-05-2023,5690265,1.0,"Decreto por el que se reforman y adicionan los artículos 38 y 102 de la Constitución Política de los Estados Unidos Mexicanos, en materia de suspensión de derechos para ocupar cargo, empleo o comisión del servicio público.","DECRETO por el que se reforman y adicionan los artículos 38 y 102 de la Constitución Política de los Estados Unidos Mexicanos, en materia de suspensión de derechos para ocupar cargo, empleo o comisión del servicio público . Incorpora la suspensión de los derechos o prerrogativas de los ciudadanos por tener sentencia firme por la comisión intencional de delitos contra la vida y la integridad corporal; contra la libertad y seguridad sexuales, el normal desarrollo psicosexual; por violencia familiar, equiparada o doméstica, violación a la intimidad sexual; por violencia política contra las mujeres en razón de género ; as í como por ser declarada como persona deudora alimentaria morosa. Y establece que en estos supuestos la persona no podrá ser registrada como candidata para cualquier cargo de elección popular, ni ser nombrada para empleo, cargo o comisión en el servicio público. | Proceso Legislativo |"
cpeum,255,06-06-2023,5691365,1.0,"Decreto por el que se reforman los artículos 55 y 91 de la Constitución Política de los Estados Unidos Mexicanos, en materia de edad mínima para ocupar un cargo público.","DECRETO por el que se reforman los artículos 55 y 91 de la Constitución Política de los Estados Unidos Mexicanos, en materia de edad mínima para ocupar un cargo público . Establece que para ser diputado se requiere tener dieciocho años cumplidos el día de la elección y que para ser Secretario de Estado se requiere tener veinticinco años cumplidos. | Proceso Legislativo |"
cpeum,256,24-01-2024,5715025,1.0,"Decreto por el que se declara reformado el primer párrafo del artículo 65 de la Constitución Política de los Estados Unidos Mexicanos, en materia de periodos de sesiones ordinarias del Congreso de la Unión.","DECRETO por el que se declara reformado el primer párrafo del artículo 65 de la Constitución Política de los Estados Unidos Mexicanos, en materia de periodos de sesiones ordinarias del Congreso de la Unión . Determina que el Congreso se reunirá a partir del 1o. de septiembre de cada año para celebrar un primer periodo de sesiones ordinarias, y a partir del 1o. de febrero para celebrar un segundo periodo de sesiones ordinarias."
cpeum,257,22-03-2024,5721077,1.0,"Decreto por el que se declara aprobada la interpretación al alcance del Artículo Tercero Transitorio del ""Decreto por el que se reforman, adicionan y derogan diversas disposiciones de la Constitución Política de los Estados Unidos Mexicanos, en materia de Guardia Nacional"", publicado en el Diario Oficial de la Federación el 26 de marzo del año 2019.","DECRETO por el que se declara aprobada la interpretación al alcance del Artículo Tercero Transitorio del ""Decreto por el que se reforman, adicionan y derogan diversas disposiciones de la Constitución Política de los Estados Unidos Mexicanos, en materia de Guardia Nacional"", publicado en el Diario Oficial de la Federación el 26 de marzo del año 2019 . Establece que la interpretación auténtica respecto de los alcances de lo dispuesto en el Artículo Tercero Transitorio del ""Decreto por el que se reforman, adicionan y derogan diversas disposiciones de la Constitución Política de los Estados Unidos Mexicanos, en materia de Guardia Nacional"", publicado en el Diario Oficial de la Federación el 26 de marzo del año 2019, deberá ser en el sentido de garantizar los derechos, prestaciones, pertenencia, rango, servicio y antigüedad del personal de las policías Militar y Naval asignado a la Guardia Nacional por acuerdos de carácter general emitidos por el Presidente de la República ."
cpeum,258,15-09-2024,5738985,1.0,"Decreto por el que se reforman, adicionan y derogan diversas disposiciones de la Constitución Política de los Estados Unidos Mexicanos, en materia de reforma del Poder Judicial.","DECRETO por el que se reforman, adicionan y derogan diversas disposiciones de la Constitución Política de los Estados Unidos Mexicanos, en materia de reforma del Poder Judicial. Reforma integral del Poder Judicial. Entre otras disposiciones determina que la Suprema Corte de Justicia de la Nación se compondrá de nueve M inistras y Ministros y durarán en su encargo doce años . Establece el procedimiento para que las Ministras y Ministros de la SCJN, Magistradas y Magistrados de la Sala Superior y las salas regionales del Tribunal Electoral del Poder Judicial de la Federación, Magistradas y Magistrados del Tribunal de Disciplina Judicial, Magistradas y Magistrados de Circuito y Juezas y Jueces de Distrito, sean elegidos de manera libre, directa y secreta por la ciudadanía el día que se realicen las elecciones federales ordinarias del año que corresponda. Crea el Tribunal de Disciplina Judicial como órgano del Poder Judicial de la Federación responsable de la disciplina de su personal. Precisa que las Constituciones y las Leyes de los Estados, establecerán las condiciones para la elección por voto directo y secreto por parte de la ciudadanía, de las Magistradas, los Magistrados, las Juezas y los Jueces integrantes de los Poderes Judiciales Locales."
cpeum,259,30-09-2024,5739985,1.0,"Decreto por el que se reforman y adicionan los artículos 13, 16, 21, 32, 55, 73, 76, 78, 82, 89, 123 y 129 de la Constitución Política de los Estados Unidos Mexicanos, en materia de Guardia Nacional.","DECRETO por el que se reforman y adicionan los artículos 13, 16, 21, 32, 55, 73, 76, 78, 82, 89, 123 y 129 de la Constitución Política de los Estados Unidos Mexicanos, en materia de Guardia Nacional. Establece, entre otras disposiciones, que la Federación contará con la Guardia Nacional, fuerza de seguridad pública, profesional, de carácter permanente e integrada por personal militar con formación policial, dependiente de la secretaría del ramo de defensa nacional, para ejecutar la Estrategia Nacional de Seguridad Pública en el ámbito de su competencia. Faculta al Congreso para expedir leyes que regulen y establezcan requisitos y límites para la participación del Ejército, Armada y Fuerza Aérea en materia de seguridad interior y en tareas de apoyo a la seguridad pública. Homologa a la Guardia Nacional en diversas disposiciones constitucionales aplicables a la Fuerza Armada permanente -Ejército, Fuerza Aérea, Armada y Guardia Nacional-."
cpeum,260,30-09-2024,5739986,1.0,"Decreto por el que se reforman, adicionan y derogan diversas disposiciones del artículo 2o. de la Constitución Política de los Estados Unidos Mexicanos, en materia de Pueblos y Comunidades Indígenas y Afromexicanos.","DECRETO por el que se reforman, adicionan y derogan diversas disposiciones del artículo 2o. de la Constitución Política de los Estados Unidos Mexicanos, en materia de Pueblos y Comunidades Indígenas y Afromexicanos. Establece las bases constitucionales que reconocen a los pueblos y comunidades indígenas como sujetos de derecho público con personalidad jurídica y patrimonio propio. Incorpora el concepto de sistemas normativos de los pueblos y comunidades indígenas. Regula diversas disposiciones en materia de jurisdicción indígena; política lingüística multilingüe; modelos educativos pluriculturales; medicina tradicional y partería; bioculturalidad y lugares sagrados; desarrollo integral y medio ambiente; y consultas indígenas. Determina, entre otras, obligaciones de las autoridades de los tres niveles de gobierno para fomentar la agroecología y cultivos tradicionales; proteger la propiedad intelectual colectiva y las expresiones culturales tradicionales; fortalecer la educación indígena intercultural y plurilingüe; garantizar la administración de medios de comunicación y telecomunicaciones a las comunidades indígenas; y establecer políticas públicas para proteger a las personas indígenas migrantes. Incorpora las bases constitucionales que reconocen los derechos de los pueblos y comunidades afromexicanas, cualquiera que sea su autodenominación, como parte de la composición pluricultural de la Nación, además de tener el carácter de sujetos de derecho público, con personalidad jurídica y patrimonio propio. Reconoce y garantiza los derechos de las mujeres, niñez, adolescencia y juventud indígenas y afromexicanas."
cpeum,261,30-10-2024,5742005,1.0,"Decreto por el que se reforma el párrafo cuarto y se adiciona un párrafo quinto al artículo 28 de la Constitución Política de los Estados Unidos Mexicanos, en materia de vías y transporte ferroviario.","DECRETO por el que se reforma el párrafo cuarto y se adiciona un párrafo quinto al artículo 28 de la Constitución Política de los Estados Unidos Mexicanos, en materia de vías y transporte ferroviario. Precisa que los ferrocarriles, tanto para transporte de pasajeros como de carga, son áreas prioritarias para el desarrollo nacional en los términos del artículo 25 de la Constitución. Señala que el Estado Mexicano retoma el derecho de utilizar las vías ferroviarias para prestar el servicio de transporte de pasajeros y, para ello, el Ejecutivo Federal podrá otorgar asignaciones a empresas públicas o concesiones a particulares."
cpeum,262,31-10-2024,5742012,1.0,"Decreto por el que se reforman el párrafo quinto del artículo 25, los párrafos sexto y séptimo del artículo 27 y el párrafo cuarto del artículo 28 de la Constitución Política de los Estados Unidos Mexicanos, en materia de áreas y empresas estratégicas.","DECRETO por el que se reforman el párrafo quinto del artículo 25, los párrafos sexto y séptimo del artículo 27 y el párrafo cuarto del artículo 28 de la Constitución Política de los Estados Unidos Mexicanos, en materia de áreas y empresas estratégicas. Sustituye el término ""empresa productiva del Estado"" por ""empresa pública del Estado"". Establece que tratándose de litio no se otorgarán concesiones. Determina que los particulares podrán participar en las demás actividades de la industria eléctrica, que en ningún caso tendrán prevalencia sobre la empresa pública del Estado. Estipula que no constituirán monopolios las áreas estratégicas de litio y del servicio de Internet que provea el Estado. En materia del sistema eléctrico nacional, incorpora que sus objetivos serán preservar la seguridad y autosuficiencia energética de la Nación y proveer al pueblo de la electricidad al menor precio posible, evitando el lucro, para garantizar la seguridad nacional y soberanía a través de la empresa pública del Estado."
cpeum,263,31-10-2024,5742105,1.0,"Decreto por el que se reforma el primer párrafo de la fracción II del artículo 107, y se adiciona un quinto párrafo al artículo 105, de la Constitución Política de los Estados Unidos Mexicanos, en materia de inimpugnabilidad de las adiciones o reformas a la Constitución Federal.","DECRETO por el que se reforma el primer párrafo de la fracción II del artículo 107, y se adiciona un quinto párrafo al artículo 105, de la Constitución Política de los Estados Unidos Mexicanos, en materia de inimpugnabilidad de las adiciones o reformas a la Constitución Federal. Establece que son improcedentes las controversias constitucionales o acciones de inconstitucionalidad que tengan por objeto controvertir las adiciones o reformas a la Constitución. Señala que no procederá el juicio de amparo contra adiciones o reformas a la Constitución."
cpeum,264,15-11-2024,5743185,1.0,"Decreto por el que se reforman y adicionan los artículos 4o., 21, 41, 73, 116, 122 y 123 de la Constitución Política de los Estados Unidos Mexicanos, en materia de igualdad sustantiva, perspectiva de género, derecho de las mujeres a una vida libre de violencia y erradicación de la brecha salarial por razones de género.","DECRETO por el que se reforman y adicionan los artículos 4o., 21, 41, 73, 116, 122 y 123 de la Constitución Política de los Estados Unidos Mexicanos, en materia de igualdad sustantiva, perspectiva de género, derecho de las mujeres a una vida libre de violencia y erradicación de la brecha salarial por razones de género."
cpeum,265,02-12-2024,5744205,1.0,"Decreto por el que se reforman y adicionan los artículos 4o. y 27 de la Constitución Política de los Estados Unidos Mexicanos, en materia de bienestar.","DECRETO por el que se reforman y adicionan los artículos 4o. y 27 de la Constitución Política de los Estados Unidos Mexicanos, en materia de bienestar."
cpeum,266,02-12-2024,5744206,1.0,"Decreto por el que se reforma y adiciona la fracción XII del Apartado A del artículo 123 de la Constitución Política de los Estados Unidos Mexicanos, en materia de vivienda para las personas trabajadoras.","DECRETO por el que se reforma y adiciona la fracción XII del Apartado A del artículo 123 de la Constitución Política de los Estados Unidos Mexicanos, en materia de vivienda para las personas trabajadoras."
cpeum,267,02-12-2024,5744207,1.0,"Decreto por el que se reforman y adicionan los artículos 3o., 4o. y 73 de la Constitución Política de los Estados Unidos Mexicanos, en materia de protección y cuidado animal.","DECRETO por el que se reforman y adicionan los artículos 3o., 4o. y 73 de la Constitución Política de los Estados Unidos Mexicanos, en materia de protección y cuidado animal."
cpeum,268,20-12-2024,5745905,1.0,"Decreto por el que se reforman, adicionan y derogan diversas disposiciones de la Constitución Política de los Estados Unidos Mexicanos, en materia de simplificación orgánica.","DECRETO por el que se reforman, adicionan y derogan diversas disposiciones de la Constitución Política de los Estados Unidos Mexicanos, en materia de simplificación orgánica."
cpeum,269,31-12-2024,5746525,1.0,"Decreto por el que se reforma el párrafo segundo del artículo 19 de la Constitución Política de los Estados Unidos Mexicanos, en materia de prisión preventiva oficiosa.","DECRETO por el que se reforma el párrafo segundo del artículo 19 de la Constitución Política de los Estados Unidos Mexicanos, en materia de prisión preventiva oficiosa."
cpeum,270,31-12-2024,5746526,1.0,"Decreto por el que se reforma y adiciona el artículo 21 de la Constitución Política de los Estados Unidos Mexicanos, en materia de seguridad pública.","DECRETO por el que se reforma y adiciona el artículo 21 de la Constitución Política de los Estados Unidos Mexicanos, en materia de seguridad pública."
cpeum,271,17-01-2025,5747305,1.0,"Decreto por el que se adicionan un párrafo quinto al artículo 4o. y un párrafo segundo al artículo 5o., de la Constitución Política de los Estados Unidos Mexicanos, en materia de protección a la salud.","DECRETO por el que se adicionan un párrafo quinto al artículo 4o. y un párrafo segundo al artículo 5o., de la Constitución Política de los Estados Unidos Mexicanos, en materia de protección a la salud."
cpeum,272,17-03-2025,5752109,1.0,"Decreto por el que se reforman y adicionan diversas disposiciones de los artículos 4o. y 27 de la Constitución Política de los Estados Unidos Mexicanos, en materia de conservación y protección de los maíces nativos.","DECRETO por el que se reforman y adicionan diversas disposiciones de los artículos 4o. y 27 de la Constitución Política de los Estados Unidos Mexicanos, en materia de conservación y protección de los maíces nativos."
cpeum,273,01-04-2025,5753797,1.0,"Decreto por el que se reforma el segundo párrafo del artículo 19 y se adicionan los párrafos segundo y tercero al artículo 40 de la Constitución Política de los Estados Unidos Mexicanos, en materia de fortalecimiento de la soberanía nacional.","DECRETO por el que se reforma el segundo párrafo del artículo 19 y se adicionan los párrafos segundo y tercero al artículo 40 de la Constitución Política de los Estados Unidos Mexicanos, en materia de fortalecimiento de la soberanía nacional."
cpeum,274,01-04-2025,5753798,1.0,"Decreto por el que se reforman y adicionan los artículos 55, 59, 82, 115, 116 y 122 de la Constitución Política de los Estados Unidos Mexicanos, en materia de no reelección y nepotismo electoral.","DECRETO por el que se reforman y adicionan los artículos 55, 59, 82, 115, 116 y 122 de la Constitución Política de los Estados Unidos Mexicanos, en materia de no reelección y nepotismo electoral."
cpeum,275,01-04-2025,5753799,1.0,"Decreto por el que se adiciona un segundo párrafo al artículo 123 de la Constitución Política de los Estados Unidos Mexicanos, en materia de apoyo a jóvenes.","DECRETO por el que se adiciona un segundo párrafo al artículo 123 de la Constitución Política de los Estados Unidos Mexicanos, en materia de apoyo a jóvenes."
cpeum,276,15-04-2025,5755157,1.0,"Decreto por el que se reforman el párrafo décimo del artículo 25 y la fracción XXIX-Y del artículo 73 de la Constitución Política de los Estados Unidos Mexicanos, en materia de simplificación administrativa y digitalización.","DECRETO por el que se reforman el párrafo décimo del artículo 25 y la fracción XXIX-Y del artículo 73 de la Constitución Política de los Estados Unidos Mexicanos, en materia de simplificación administrativa y digitalización."
cpeum,277,09-10-2025,5769617,1.0,"Decreto por el que se declara reformado el inciso a) de la fracción XXI del artículo 73 de la Constitución Política de los Estados Unidos Mexicanos, en materia de extorsión.","DECRETO por el que se declara reformado el inciso a) de la fracción XXI del artículo 73 de la Constitución Política de los Estados Unidos Mexicanos, en materia de extorsión."
cpeum,278,15-10-2025,5769997,1.0,"Decreto por el que se reforman los artículos 76 y 78 de la Constitución Política de los Estados Unidos Mexicanos, en materia de ratificación de grados superiores de la Guardia Nacional.","DECRETO por el que se reforman los artículos 76 y 78 de la Constitución Política de los Estados Unidos Mexicanos, en materia de ratificación de grados superiores de la Guardia Nacional."
cpeum,279,03-03-2026,5781417,1.0,"Decreto por el que se reforman las fracciones IV y XI del Apartado A del Artículo 123 de la Constitución Política de los Estados Unidos Mexicanos, en materia de reducción de la jornada laboral.","DECRETO por el que se reforman las fracciones IV y XI del Apartado A del Artículo 123 de la Constitución Política de los Estados Unidos Mexicanos, en materia de reducción de la jornada laboral."
cpeum,280,10-04-2026,5784617,1.0,"Decreto por el que se reforma y adiciona el artículo 127 de la Constitución Política de los Estados Unidos Mexicanos, en materia de límite a las jubilaciones y pensiones de las Entidades Públicas.","DECRETO por el que se reforma y adiciona el artículo 127 de la Constitución Política de los Estados Unidos Mexicanos, en materia de límite a las jubilaciones y pensiones de las Entidades Públicas."
cpeum,281,23-04-2026,5785817,1.0,"Decreto por el que se reforman los artículos 115, fracción I, párrafo primero, y 116, fracción II, párrafo segundo, y se adiciona al artículo 134, un párrafo cuarto, recorriéndose los subsecuentes en su orden, de la Constitución Política de los Estados Unidos Mexicanos.","DECRETO por el que se reforman los artículos 115, fracción I, párrafo primero, y 116, fracción II, párrafo segundo, y se adiciona al artículo 134, un párrafo cuarto, recorriéndose los subsecuentes en su orden, de la Constitución Política de los Estados Unidos Mexicanos."
cpeum,282,06-05-2026,5786617,1.0,"Decreto por el que se reforma el artículo 73, fracción XXI, inciso a) de la Constitución Política de los Estados Unidos Mexicanos, en materia de feminicidio.","DECRETO por el que se reforma el artículo 73, fracción XXI, inciso a) de la Constitución Política de los Estados Unidos Mexicanos, en materia de feminicidio."
cpeum,283,02-06-2026,5789357,1.0,"Decreto por el que se reforman y adicionan diversas disposiciones de la Constitución Política de los Estados Unidos Mexicanos, en materia de reforma al Poder Judicial.","DECRETO por el que se reforman y adicionan diversas disposiciones de la Constitución Política de los Estados Unidos Mexicanos, en materia de reforma al Poder Judicial."
cpeum,284,02-06-2026,5789358,1.0,"Decreto por el que se adiciona un inciso a la base VI del artículo 41 de la Constitución Política de los Estados Unidos Mexicanos, para introducir una nueva causal de nulidad de elecciones por intervención extranjera.","DECRETO por el que se adiciona un inciso a la base VI del artículo 41 de la Constitución Política de los Estados Unidos Mexicanos, para introducir una nueva causal de nulidad de elecciones por intervención extranjera."
